email,name,point_of_entry,first_touch,last_touch,n_crm_leads,n_emails,n_intercom,n_shopify,n_mercury,n_tracker_calls,crm_stage,total_paid_usd
stripe,stripe,mercury,2025-02-18,2026-09-11,0,0,0,0,98,0,,378588.55
diamondpropertiesllc,diamondpropertiesllc,mercury,2025-09-15,2026-06-22,0,0,0,0,4,0,,137169.31
yellowliteinc,yellowliteinc,mercury,2025-08-14,2025-08-14,0,0,0,0,1,0,,114846.0
williamccassilly,williamccassilly,mercury,2026-05-07,2026-05-07,0,0,0,0,1,0,,99950.0
barkleysolarllc,barkleysolarllc,mercury,2025-08-29,2026-06-01,0,0,0,0,11,0,,90777.02
1hopiutilitiescorporation,1hopiutilitiescorporation,mercury,2026-04-09,2026-04-09,0,0,0,0,1,0,,87175.0
soluxllc,soluxllc,mercury,2025-07-17,2026-08-21,0,0,0,0,3,0,,81656.8
laurelschiavoni,laurelschiavoni,mercury,2026-03-17,2026-03-27,0,0,0,0,2,0,,80192.35
openworksinc.,openworksinc.,mercury,2026-08-13,2026-08-18,0,0,0,0,2,0,,75000.0
shopify,shopify,mercury,2025-07-22,2026-02-18,0,0,0,0,39,0,,73979.61
trinity,trinity,mercury,2025-09-24,2025-10-01,0,0,0,0,2,0,,66051.36
strcapitalllcdbacassillycapita,strcapitalllcdbacassillycapita,mercury,2025-02-03,2025-04-02,0,0,0,0,3,0,,54518.48
mercury,mercury,mercury,2026-09-15,2026-09-15,0,0,0,0,1,0,,50064.32
willettelectrical@yahoo.com,Dennis Willett,stripe,2026-05-29,2026-05-29,0,0,0,0,0,0,,42647.12
denniswillett,Dennis Willett,shopify,2026-05-27,2026-05-27,0,0,0,1,0,0,,40299.97
1cleanpowerstorellc,1cleanpowerstorellc,mercury,2025-08-15,2025-08-15,0,0,0,0,1,0,,39500.0
harshtylertech@gmail.com,Pawan Kumar,crm,2025-09-03,2026-01-27,4,0,0,0,0,4,"Closed Lost,Closed Won",34908.63
michaelcassilly,michaelcassilly,mercury,2026-05-06,2026-05-06,0,0,0,0,1,0,,27844.55
21cllc,21cllc,mercury,2025-07-28,2025-07-28,0,0,0,0,1,0,,25611.5
solarenergyope,solarenergyope,mercury,2026-08-06,2026-09-16,0,0,0,0,2,0,,25235.0
portlandiaelectricsupply,portlandiaelectricsupply,mercury,2025-02-26,2026-05-11,0,0,0,0,6,0,,23600.14
1wrightwaysolartechnologiesllc,1wrightwaysolartechnologiesllc,mercury,2025-10-14,2026-03-06,0,0,0,0,2,0,,23485.04
jayson@trinitypowerca.com,Trinity Power's,stripe,2025-05-13,2025-09-19,2,0,0,1,0,1,"Closed Won,Qualify",22857.66
1solaradvocacygroupllc,1solaradvocacygroupllc,mercury,2025-03-19,2025-07-30,0,0,0,0,7,0,,22838.19
rhewcontracting@gmail.com,Rhew Contracting,crm,2026-02-11,2026-02-11,1,0,0,0,0,1,Qualify,21636.14
brownsonselectricalcontracting,brownsonselectricalcontracting,mercury,2025-09-18,2025-09-18,0,0,0,0,1,0,,21634.53
bruce@sesre.com,Solar Energy Solutions,crm,2026-02-20,2026-05-29,1,0,0,0,0,2,Qualify,21111.63
newjerseysolar,newjerseysolar,mercury,2026-08-10,2026-08-10,0,0,0,0,1,0,,18408.12
syncrenewables,syncrenewables,mercury,2026-08-03,2026-08-03,0,0,0,0,1,0,,18030.0
rccityusllc,rccityusllc,mercury,2025-11-06,2025-11-28,0,0,0,0,2,0,,17950.0
leon@wolfriverelectric.com,Wolf River Electric's,shopify,2025-12-02,2026-02-10,4,0,0,3,0,3,"Closed Lost,Stuck/Paused",17673.92
mkennedy@syncrenewables.com,Sync Renewables — Proposal Activity (2 emails),shopify,2026-07-29,2026-08-09,3,11,0,1,0,1,Qualify,17345.86
chadi@tencosolar.net,TENCO SOLAR's SolarEdge 50kW 208VAC 3,stripe,2025-10-22,2026-01-08,8,0,0,0,0,6,"Closed Lost,Closed Won,Qualify",16478.39
planktonenergyllc,planktonenergyllc,mercury,2026-07-21,2026-07-21,0,0,0,0,1,0,,14878.67
mark@americandebrisbox.com,American Debris Box,stripe,2026-06-26,2026-08-09,2,54,0,0,0,3,Qualify,14404.33
pennntasinga,pennntasinga,mercury,2026-07-15,2026-07-15,0,0,0,0,1,0,,13176.66
ianc@dichotomycapital.com,Ian Clark,stripe,2026-07-02,2026-07-02,0,0,0,0,0,1,,11538.42
tobyvarghese,tobyvarghese,mercury,2026-03-04,2026-03-10,0,0,0,0,2,0,,11324.62
metcoengineeringinc,metcoengineeringinc,mercury,2026-08-17,2026-08-17,0,0,0,0,1,0,,11250.0
grayducksolarllc,grayducksolarllc,mercury,2025-02-27,2025-02-27,0,0,0,0,1,0,,10609.5
coolearthsolar,Cool Earth Solar,mercury,2025-03-31,2025-08-03,1,0,0,0,3,0,Closed Won,9725.0
tencosolarinc.,tencosolarinc.,mercury,2025-10-28,2025-10-28,0,0,0,0,1,0,,9665.7
briandmorris,briandmorris,mercury,2025-10-03,2025-10-03,0,0,0,0,1,0,,9361.32
luisvazquez,Luis Vazquez,shopify,2026-05-29,2026-05-29,0,0,0,1,0,0,,9257.91
bigshineworldwideinc.,bigshineworldwideinc.,mercury,2025-11-26,2025-11-26,0,0,0,0,1,0,,9060.68
1rccityusllc,1rccityusllc,mercury,2025-10-16,2025-10-16,0,0,0,0,1,0,,8850.0
aemediagroupllcdbasolarmaidsolararmor,aemediagroupllcdbasolarmaidsolararmor,mercury,2025-04-16,2025-04-16,0,0,0,0,1,0,,8757.0
isabel.mendoza@live.com,Isabel Mendoza,shopify,2026-06-03,2026-06-05,0,0,0,1,0,1,,8615.61
danielbarrettmd@gmail.com,Daniel Barrett,stripe,2026-06-22,2026-06-22,0,0,0,0,0,1,,8590.39
barkley@barkleysolar.com,"Barkley Solar, LLC",crm,2025-08-18,2026-08-09,23,0,0,0,0,4,"Closed Won,Negotiate,Propose,Q",8487.01
ted.w.nye@gmail.com,Theodore Nye's,shopify,2026-02-05,2026-02-10,2,0,0,1,0,1,"Closed Lost,Closed Won",8243.2
1sdllc,1sdllc,mercury,2025-11-14,2025-11-14,0,0,0,0,1,0,,8000.0
mukatradellc,mukatradellc,mercury,2025-08-22,2025-08-22,0,0,0,0,1,0,,7590.3
msyrnick@firstprops.com,Maureen Syrnick,shopify,2026-07-27,2026-07-27,0,0,0,1,0,1,,7151.53
terri.mcnamara@cityelectricsupply.com,terri.mcnamara,crm,2026-02-20,2026-08-03,1,27,0,1,0,1,Qualify,7073.55
dcarter@acmescenic.com,"Acme Scenic & Display, Inc.",crm,2025-11-03,2025-11-03,1,0,0,0,0,0,Qualify,6740.69
smuckersenergy,smuckersenergy,mercury,2025-07-31,2025-07-31,0,0,0,0,1,0,,6402.4
phelps52308@gmail.com,Stuart Phelps,shopify,2026-07-01,2026-07-01,0,0,0,1,0,1,,6139.8
ksauder@360elec.com,Kevin Sauder,shopify,2026-08-13,2026-08-13,0,0,0,1,0,1,,5885.01
mike@captainpowerllc.com,Captain Power LLC,stripe,2026-04-09,2026-04-09,0,0,0,0,0,1,,5758.47
mercuryiocashback,mercuryiocashback,mercury,2025-05-20,2026-09-15,0,0,0,0,139,0,,5730.55
info@bedrocksolar.com,Jan strand,shopify,2025-12-06,2025-12-06,0,0,0,1,0,1,,5642.6
sav3mon3y@gmail.com,DENNIS HANSEN,shopify,2026-06-03,2026-06-04,0,0,0,2,0,3,,5592.73
californiasolar,californiasolar,mercury,2025-11-07,2026-04-06,0,0,0,0,2,0,,5552.56
mcgillan@gmail.com,Glen McGillan,shopify,2025-08-03,2025-08-03,0,0,0,1,0,1,,5489.59
thomaswhaugen,thomaswhaugen,mercury,2025-04-10,2025-04-10,0,0,0,0,1,0,,5443.52
cmunoz@ameresco.com,Ameresco Solar LLC,crm,2025-08-07,2026-08-09,4,0,0,0,0,2,"Closed Won,Qualify",5389.54
ebay,ebay,mercury,2025-04-23,2026-07-10,0,0,0,0,5,0,,5184.64
rortiz@scuddersolar.com,Rudy Ortiz,stripe,2026-09-02,2026-09-02,0,0,0,0,0,1,,5063.46
kristi@ambrosia.energy,Kristi Ma,shopify,2026-04-20,2026-04-20,0,0,0,1,0,1,,4806.9
arclinepowerandelectric,ARC Line Power And Electric,crm,2025-10-14,2025-10-22,1,0,0,0,0,0,Closed Won,4770.88
berkeley@vdbelectric.com,Berkeley Bodine,shopify,2026-06-13,2026-06-15,0,0,0,1,0,2,,4676.46
tnremb@gmail.com,Trenton Rembert,shopify,2026-04-17,2026-04-23,0,0,0,1,0,1,,4546.22
chrisasjes,chrisasjes,mercury,2025-11-06,2025-11-06,0,0,0,0,2,0,,4522.0
benroer@gmail.com,Ben van der Roer,shopify,2026-07-03,2026-07-10,0,0,0,2,0,2,,4505.71
rwright@wrightway.com,Wright-Way Services,crm,2025-09-24,2026-02-27,3,0,0,0,0,2,"Closed Won,Qualify",4303.55
pearceworldwide,pearceworldwide,mercury,2025-05-02,2026-07-17,0,0,0,0,14,0,,4201.19
david.schaffer@infinitysolarsystems.com,Infinity Energy,crm,2026-01-30,2026-01-30,1,0,0,0,0,0,Qualify,4184.07
tigerarnold82@gmail.com,Tiger Arnold,shopify,2026-05-27,2026-05-27,0,0,0,1,0,1,,4169.48
e2solllc,e2solllc,mercury,2025-05-15,2025-05-15,0,0,0,0,1,0,,3954.5
solaradvocacygroupllc,Solar Advocacy Group LLC,crm,2025-08-03,2026-06-26,1,0,0,0,2,0,Closed Lost,3950.0
montereygardiner,monterey gardiner,stripe,2025-09-18,2025-09-18,0,0,0,0,0,0,,3797.25
signaturesolar,signaturesolar,mercury,2026-01-02,2026-01-02,0,0,0,0,1,0,,3700.0
bryce.berggren@calsolarinc.com,Bryce Berggren,shopify,2025-09-10,2026-03-06,3,0,0,1,0,2,"Negotiate,Qualify",3657.95
james.elking@gmail.com,James Elking,shopify,2025-12-08,2025-12-08,0,0,0,1,0,1,,3466.95
doneriteelectric@yahoo.com,Jesse Diaz,shopify,2026-02-03,2026-08-09,2,0,0,1,0,1,"Closed Won,Qualify",3432.45
vincenzoruggiero,Vincenzo Ruggiero,shopify,2026-05-29,2026-05-29,0,0,0,1,0,0,,3404.54
miles.broske@greentechrenewables.com,Miles Broske,stripe,2026-06-25,2026-06-25,0,0,0,0,0,1,,3339.03
martinl@halosolarllc.com,Martin Lara,stripe,2026-08-26,2026-08-26,0,0,0,0,0,1,,3283.93
buntonsamuel@hotmail.com,Samuel Bunton,shopify,2026-08-17,2026-08-17,0,0,0,1,0,1,,3227.9
0081059bec41428f35c1@members.ebay.com,Michael DalCin,shopify,2025-07-29,2025-07-29,0,0,0,1,0,0,,3188.25
jeremypogue@gmail.com,Jeremy Pogue,stripe,2026-07-09,2026-07-09,0,0,0,0,0,1,,3045.82
lura2402@outlook.com,otilio cruz,shopify,2026-04-13,2026-04-13,0,0,0,1,0,1,,3040.4
abarrow99@gmail.com,Andrew Barrow,shopify,2026-06-04,2026-06-04,0,0,0,1,0,1,,2987.42
carl@amdahl.org,Carlton Amdahl,crm,2025-11-10,2025-11-10,1,0,0,0,0,2,Closed Won,2980.72
michaelyarbrough,Michael Yarbrough,shopify,2026-04-25,2026-04-25,0,0,0,1,0,0,,2974.79
julianf@zulusolar.com,Julian F. De Zulueta,stripe,2026-02-24,2026-02-24,0,0,0,0,0,1,,2892.73
jr@repowerny.com,Jason Ross,shopify,2026-05-21,2026-05-21,0,0,0,1,0,1,,2838.17
sales@rptechenergy.com,Muhammad Nur Rahami Rosli,shopify,2026-07-22,2026-07-22,0,0,0,1,0,1,,2780.57
sean@hollywoodhamilton.biz,Tim Bello,shopify,2026-08-16,2026-08-16,0,0,0,1,0,1,,2778.15
barnstormfarm@gmail.com,Shirley Swanson,stripe,2026-07-14,2026-07-21,0,0,0,0,0,0,,2679.33
james.stephens@soheva.net,James Stephens,crm,2026-02-11,2026-02-13,1,0,0,0,0,2,Qualify,2650.96
nicolesunsync,nicolesunsync,mercury,2025-03-14,2025-03-14,0,0,0,0,1,0,,2616.27
floresphotovoltaics@gmail.com,Flores Photovoltaics LLC,shopify,2025-11-19,2026-01-21,1,0,0,1,0,2,Closed Lost,2583.52
dfette@wolftrackenergy.com,Wolf Track Energy's Schneider Conext SW 4.0kw →1,crm,2026-02-05,2026-02-05,1,0,0,0,0,1,Closed Won,2570.57
benuphold@beitzelcs.com,Beitzel CORPORATION,stripe,2026-09-02,2026-09-02,0,0,0,0,0,1,,2522.05
thompson1388888@yahoo.com,Shannon Thompson,stripe,2026-09-02,2026-09-02,0,0,0,0,0,1,,2456.29
californiapacifictechnicalservic,californiapacifictechnicalservic,mercury,2026-03-26,2026-08-28,0,0,0,0,2,0,,2396.73
jeffh44@yahoo.com,Jeff Hochstetler,shopify,2026-06-25,2026-06-25,0,0,0,1,0,2,,2340.09
druderay@bellsouth.net,Maxim Transport LLC,crm,2026-03-18,2026-03-18,1,0,0,1,0,1,Qualify,2336.38
gobartman@earthlink.net,Stephen Lind,shopify,2026-06-22,2026-06-22,0,0,0,1,0,1,,2328.04
mikeg@linked.energy,Mike Gavinet,shopify,2026-07-30,2026-07-30,0,0,0,1,0,1,,2325.39
virgilsworld@aol.com,Virgil McIntyre,shopify,2026-06-03,2026-06-03,0,0,0,1,0,1,,2301.31
mattbuilder@outlook.com,Matt Williams,shopify,2026-08-20,2026-08-20,0,0,0,1,0,1,,2269.43
team.baytconstruction@gmail.com,BACKER ABU-JARADEH,shopify,2026-02-13,2026-02-16,1,0,0,1,0,1,Qualify,2254.2
woopayments,woopayments,mercury,2025-05-09,2025-05-09,0,0,0,0,1,0,,2159.62
jamessharpensteen,James Sharpensteen,shopify,2026-07-27,2026-07-27,0,0,0,1,0,0,,2127.08
z50r@yahoo.com,Craig Ervin,stripe,2026-08-21,2026-08-21,0,0,0,0,0,1,,2083.23
speck133@gmail.com,Steve Heryford,shopify,2026-06-03,2026-06-03,0,0,0,1,0,1,,2070.8
april@arsolutions.us,Thomas Jeffers Jr,stripe,2026-06-10,2026-06-10,0,0,0,0,0,1,,2058.93
bequette333@gmail.com,Greg Bequette,shopify,2026-06-28,2026-06-28,0,0,0,1,0,1,,2037.83
totero@arcticak.com,Tyler Otero,shopify,2026-08-12,2026-08-12,0,0,0,1,0,1,,2017.91
frabncos24@outlook.com,Franco Sandoval,shopify,2026-04-13,2026-04-13,0,0,0,1,0,1,,1991.75
leannarobertson,Leanna Robertson,shopify,2026-03-28,2026-03-28,0,0,0,1,0,0,,1991.75
martapochibob@gmail.com,marta angelica,shopify,2026-07-17,2026-07-17,0,0,0,1,0,1,,1966.97
bearsgrateful@gmail.com,Larry Odbert,shopify,2026-03-30,2026-03-30,0,0,0,1,0,1,,1963.56
officeadmin@thesolarexchange.com,Mike St. James,shopify,2025-12-12,2025-12-12,0,0,0,1,0,1,,1947.26
ebaycomxlvp9jza,ebaycomxlvp9jza,mercury,2026-06-16,2026-06-16,0,0,0,0,1,0,,1942.96
camumaga121.11@gmail.com,Alejandro Marquez,shopify,2026-04-13,2026-04-13,0,0,0,1,0,1,,1928.06
acct@bushsolarenergysolutions.com,Chris Bush,stripe,2026-06-26,2026-06-26,0,0,0,0,0,2,,1916.79
nadiya.gallagher@gmail.com,Nadiya Gallagher,shopify,2026-08-17,2026-08-17,0,0,0,1,0,0,,1905.13
dbfield2@gmail.com,David Brownfield,shopify,2026-08-11,2026-08-11,0,0,0,1,0,1,,1903.3
cody.buick87@gmail.com,Cody Buick,stripe,2025-12-01,2025-12-02,0,0,0,0,0,1,,1899.84
mkarlonboswell@gmail.com,marlon boswell,shopify,2026-04-11,2026-04-11,0,0,0,1,0,1,,1859.71
zzzfarmboy@gmail.com,Phil Deur,stripe,2025-11-21,2025-11-21,0,0,0,0,0,1,,1855.87
upwork,upwork,mercury,2025-02-28,2025-10-18,0,0,0,0,16,0,,1834.41
lgbnokomis@hotmail.com,Ellen Bebee,shopify,2026-01-30,2026-02-10,1,0,0,1,0,1,Closed Won,1817.23
snowman024z@gmail.com,Duke Q Ho,shopify,2026-08-15,2026-08-15,0,0,0,1,0,1,,1813.94
integratesunll,integratesunll,mercury,2025-12-26,2025-12-26,0,0,0,0,1,0,,1805.22
xtremexkates1@gmail.com,otilio cruz,shopify,2026-04-28,2026-04-28,0,0,0,1,0,1,,1783.81
tom.p@suntrailenergy.com,Tom Przybyla,shopify,2025-12-12,2025-12-12,0,0,0,1,0,1,,1770.35
robert.stueckle@sunpower.com,Robert Stueckle,shopify,2026-07-22,2026-07-22,0,0,0,1,0,1,,1766.11
ebaycomfp2rdqir,ebaycomfp2rdqir,mercury,2025-07-25,2025-07-25,0,0,0,0,1,0,,1762.42
furamirez@gmail.com,Francis Ramirez,stripe,2025-03-12,2025-03-12,0,0,0,0,0,0,,1760.02
louisg@sbcglobal.net,Louis Griesemer,shopify,2026-06-20,2026-06-20,0,0,0,1,0,1,,1720.76
mikek6511@msn.com,mike KAMINSKI,crm,2026-08-04,2026-08-06,1,3,0,1,0,1,Qualify,1692.64
roberttimotjy1@gmail.com,roberttimotjy1,shopify,2026-08-05,2026-08-06,0,2,0,1,0,1,,1683.8
edroreco@gmail.com,Edil Reyes,shopify,2026-07-26,2026-07-26,0,0,0,1,0,1,,1656.95
4084151779c27fb6d384@members.ebay.com,Joseph Bork,shopify,2025-07-29,2025-07-29,0,0,0,1,0,0,,1633.54
jimbustillo@yahoo.com,Jim Bustillo,crm,2025-09-05,2026-01-13,3,0,0,0,0,1,"Closed Won,Qualify",1585.04
john@openmarketenergy.net,John Gardiner,shopify,2026-03-30,2026-04-02,0,0,0,1,0,1,,1563.91
406902a90b5dcfcee642@members.ebay.com,Chad Hancock,shopify,2025-07-24,2025-07-24,0,0,0,1,0,0,,1562.54
lsamichand@gmail.com,Lalchan Samichand,stripe,2026-06-17,2026-07-24,0,9,0,0,0,1,,1537.28
steve@ciarleglio.com,Steven Ciarleglio,stripe,2026-06-08,2026-06-08,0,0,0,0,0,2,,1527.93
00824d5b4a2001769c6a@members.ebay.com,Stanley Hatch,shopify,2025-09-04,2025-09-04,0,0,0,1,0,0,,1526.85
nicolepelot@gmail.com,Nicole Pelot,shopify,2026-05-31,2026-05-31,0,0,0,1,0,1,,1514.8
0406d602469c4b2f7e54@members.ebay.com,DavidElwee McElwee,shopify,2025-07-25,2025-07-25,0,0,0,1,0,0,,1485.87
pearceworldwidelogistics,pearceworldwidelogistics,mercury,2026-07-24,2026-08-28,0,0,0,0,4,0,,1485.28
ebaycomirxbzsgf,ebaycomirxbzsgf,mercury,2025-12-23,2025-12-23,0,0,0,0,1,0,,1467.31
battlebornsolarservicellc@outlook.com,Adam Maness,shopify,2026-07-20,2026-07-20,0,0,0,1,0,0,,1466.01
observisoy,observisoy,mercury,2026-09-11,2026-09-11,0,0,0,0,1,0,,1461.63
jleester@gmail.com,Jean Ummel,stripe,2026-03-25,2026-03-25,0,0,0,0,0,1,,1418.02
bpzeitler@gmail.com,Brian Zeitler,shopify,2026-08-05,2026-08-05,0,0,0,1,0,1,,1414.39
portlandiaelectricsupplyllc,portlandiaelectricsupplyllc,mercury,2025-02-13,2025-02-13,0,0,0,0,1,0,,1400.0
faywood13@gmail.com,ARTHUR J O'NEILL,shopify,2026-08-08,2026-08-13,0,5,0,2,0,1,,1375.29
clarencefelzien,Clarence Felzien,shopify,2025-07-24,2025-07-24,0,0,0,1,0,0,,1362.14
creativeoasis@pm.me,Kristie Harper,shopify,2026-06-26,2026-06-26,0,0,0,1,0,1,,1352.89
oscargarridosalazar,oscar garrido salazar,shopify,2026-07-02,2026-07-02,0,0,0,1,0,0,,1351.88
ebaycomyxajsn9d,ebaycomyxajsn9d,mercury,2025-08-04,2025-08-04,0,0,0,0,1,0,,1240.28
olaolu.ogunfusika@transcore.com,Jose Campos,stripe,2026-02-24,2026-02-24,0,0,0,0,0,1,,1215.3
randyt@stevensind.com,Randy Thoele,shopify,2026-08-16,2026-08-16,0,0,0,1,0,1,,1209.84
rkeeble4@icloud.com,ross keeble,shopify,2026-07-23,2026-07-23,0,0,0,1,0,0,,1199.39
ebaycommsufutbo,ebaycommsufutbo,mercury,2025-08-08,2025-08-08,0,0,0,0,1,0,,1198.88
ebaycomoxjs6pid,ebaycomoxjs6pid,mercury,2025-08-15,2025-08-15,0,0,0,0,1,0,,1176.05
stevek@avept.com,Avept Inc,shopify,2026-04-04,2026-04-04,0,0,0,1,0,1,,1175.37
01021d8c94b4573806fd@members.ebay.com,Kevin Kowalchuk,shopify,2025-07-30,2025-07-30,0,0,0,1,0,0,,1147.47
brad@solarcarportsllc.com,Thomas Carlson,stripe,2025-03-14,2025-03-14,0,0,0,0,0,0,,1146.77
ngrafton2006@gmail.com,Nathan Grafton,shopify,2026-07-26,2026-07-26,0,0,0,1,0,1,,1137.95
briscomd@gmail.com,Matthew Briscoe,shopify,2026-08-10,2026-08-10,0,0,0,1,0,1,,1136.42
ryanf2guy@gmail.com,Ryan Welsch,stripe,2025-09-05,2025-09-05,0,0,0,0,0,0,,1119.2
00833f7177a4016fe403@members.ebay.com,Windsoleil Incorporated,shopify,2025-09-21,2025-09-21,0,0,0,1,0,0,,1109.49
0104e237444559f801b9@members.ebay.com,Ryan Welsch,shopify,2025-09-01,2025-09-01,0,0,0,1,0,0,,1095.69
ebaycomtkdj9tcn,ebaycomtkdj9tcn,mercury,2025-07-18,2025-07-18,0,0,0,0,1,0,,1087.38
iat24w@gmail.com,luis raigosa,shopify,2026-04-13,2026-04-13,0,0,0,2,0,1,,1077.94
gkarelis2001@gmail.com,karelis gutierrez,shopify,2026-07-06,2026-07-06,0,0,0,1,0,0,,1071.15
tanmanelectric@icloud.com,Kyle Martin,shopify,2026-06-16,2026-07-06,0,0,0,2,0,2,,1070.4
retisolarllc,retisolarllc,mercury,2025-03-21,2025-03-21,0,0,0,0,1,0,,1050.0
notransfat@gmail.com,David Martin,shopify,2026-08-13,2026-08-13,0,0,0,1,0,0,,1049.35
gutierrezw001@gmail.com,William J Gutierrez,shopify,2026-08-30,2026-08-30,0,0,0,1,0,1,,1031.51
ebaycomhcbx45r4,ebaycomhcbx45r4,mercury,2026-05-22,2026-05-22,0,0,0,0,1,0,,1029.82
jpetersen@revisionenergy.com,John Petersen,shopify,2026-08-03,2026-08-04,0,4,0,1,0,1,,1024.53
benc@activesolarusa.com,Benjamin Chady,shopify,2025-12-05,2025-12-05,0,0,0,1,0,1,,1023.61
molly@obsidian.works,ObsidianWorks,crm,2025-09-17,2025-09-18,1,0,0,0,0,0,Propose,1005.15
4202telegraph@gmail.com,Mark Almeida,shopify,2026-05-29,2026-05-29,0,0,0,1,0,1,,996.67
jeremy@baileycontractingllc.com,Jeremy Mull,shopify,2026-06-29,2026-06-29,0,0,0,1,0,1,,996.48
bcarroll@ameresco.com,Brendan Carroll,shopify,2026-08-11,2026-08-11,0,0,0,1,0,1,,991.3
ebaycomzpgz4miq,ebaycomzpgz4miq,mercury,2025-07-07,2025-07-07,0,0,0,0,1,0,,984.56
adam@solaraccesscolorado.org,Adam Harris,shopify,2026-08-23,2026-08-23,0,0,0,1,0,1,,983.94
hayden@wolfriverelectric.com,Hayden Imker,shopify,2026-04-09,2026-04-09,0,0,0,1,0,1,,949.19
dealstud@gmail.com,Praus Lee,shopify,2026-07-07,2026-07-07,0,0,0,1,0,1,,940.4
ebaycomi8kjbk8w,ebaycomi8kjbk8w,mercury,2025-08-11,2025-08-11,0,0,0,0,1,0,,917.44
somreyproductions@gmail.com,Lara Somogyi,shopify,2026-04-25,2026-04-25,0,0,0,1,0,1,,901.32
williambrennaniii@gmail.com,William Brennan,stripe,2025-03-27,2025-03-27,0,0,0,0,0,0,,895.72
roger@arcdesignllc.net,"ARC Design & Consulting, LLC",crm,2026-02-27,2026-02-27,1,0,0,0,0,1,Qualify,889.81
amalblezin57@gmail.com,Jean Laguerre,shopify,2026-07-08,2026-07-08,0,0,0,1,0,1,,873.53
jesse.rk.quinn@gmail.com,Jesse Quinn,stripe,2025-11-14,2025-11-14,0,0,0,0,0,0,,862.36
portlandiaelec,portlandiaelec,mercury,2025-04-03,2025-04-10,0,0,0,0,2,0,,850.0
farooq@solarsme.com,"Solar Sme, Inc.",crm,2025-09-10,2026-08-04,2,3,0,0,0,1,"Closed Won,Qualify",847.29
caseyskelton@sbcglobal.net,Clayton Skelton,stripe,2025-03-16,2025-03-16,0,0,0,0,0,0,,845.02
trey@sunsent.com,SunSent Solar,stripe,2025-10-08,2025-10-08,0,0,0,0,0,0,,823.92
ebaycomrb7hnb1u,ebaycomrb7hnb1u,mercury,2025-12-22,2025-12-22,0,0,0,0,1,0,,822.96
john.m@hollandmoritzinc.com,John Maier,shopify,2026-04-28,2026-04-28,0,0,0,1,0,1,,812.43
adammccartney515@gmail.com,ADAM MCCARTNEY,shopify,2026-07-20,2026-07-20,0,0,0,1,0,0,,810.75
andy93landa2@gmail.com,Andy Gonzalez,shopify,2026-08-05,2026-08-07,0,0,0,3,0,0,,808.71
michael.keller@bigthundermarine.com,MICHAEL KELLER,shopify,2026-05-19,2026-05-19,0,0,0,1,0,1,,805.55
garyva@verizon.net,Gary Via,shopify,2026-08-24,2026-08-24,0,0,0,1,0,1,,801.49
nigelhell@hotmail.com,Christine Shanks,shopify,2026-03-07,2026-03-10,1,0,0,1,0,1,Qualify,796.74
riddler@zatcave.org,1133633Mark Zattiero,crm,2025-12-01,2025-12-01,1,0,0,1,0,1,Qualify,784.49
marandaclark445@gmail.com,Jaycen Cole,shopify,2026-07-21,2026-07-21,0,0,0,1,0,0,,752.95
billiefoley,BILLIE FOLEY,shopify,2026-08-20,2026-08-20,0,0,0,1,0,0,,750.96
account@chromakresearch.com,Sachin Vyas,stripe,2026-02-12,2026-02-12,0,0,0,0,0,1,,746.72
juliefieldsmd@yahoo.com,Julie Fields,shopify,2026-08-23,2026-08-23,0,0,0,1,0,2,,721.02
info@sparkbuildingenergy.com,SPARK BUILDING ENERGY SOLUTIONS LLC,crm,2025-11-12,2025-11-22,2,0,0,0,0,0,"Closed Lost,Qualify",720.72
jonbender,JON Bender,shopify,2026-08-25,2026-08-25,0,0,0,1,0,0,,715.0
davidezzo@yahoo.com,David Ezzo,shopify,2026-03-25,2026-03-25,0,0,0,1,0,1,,695.2
lura240502@outlook.com,luis raigosa,shopify,2026-07-17,2026-07-17,0,0,0,1,0,1,,683.78
aiguofeng@hotmail.com,aiguo feng,stripe,2024-12-21,2024-12-21,0,0,0,0,0,0,,658.09
dchristlieb@gmail.com,Dillon Christlieb,shopify,2026-08-04,2026-08-04,0,0,0,1,0,1,,649.14
skydoc@ymail.com,Stephen Reidy,shopify,2026-08-21,2026-08-21,0,0,0,1,0,1,,628.21
jkeith@me.com,Jefferson Keith,shopify,2026-08-12,2026-08-12,0,0,0,1,0,1,,623.49
mamaorgan2027@gmail.com,Michael Morgan,shopify,2026-07-24,2026-07-24,0,0,0,1,0,1,,619.83
purchasing@ig.utexas.edu,JJ Dupont,shopify,2026-08-12,2026-08-12,0,0,0,1,0,1,,618.06
gary@garypeck.net,Gary Peck,shopify,2026-08-12,2026-08-12,0,0,0,1,0,1,,610.92
patmurray,Pat Murray,stripe,2026-03-20,2026-03-20,0,0,0,0,0,0,,604.06
bradhazard@gmail.com,Bradley J Hazard,shopify,2026-08-26,2026-08-26,0,0,0,1,0,1,,603.27
mdbyzidbostame,mdbyzidbostame,mercury,2026-03-30,2026-03-30,0,0,0,0,1,0,,600.0
forwardthinktech@gmail.com,Brent Lamarand,shopify,2026-07-25,2026-07-25,0,0,0,1,0,1,,592.54
paul@myallsouth.com,PAUL PORTER,stripe,2025-03-24,2025-03-24,0,0,0,0,0,0,,583.0
afal1966@aol.com,Anthony Falvo,crm,2026-02-23,2026-03-23,1,0,0,1,0,2,Qualify,576.04
ebaycomoe5fsfoy,ebaycomoe5fsfoy,mercury,2025-07-30,2025-07-30,0,0,0,0,1,0,,568.34
justinrober@gmail.com,Justin Roberts,stripe,2025-03-06,2025-03-06,0,0,0,0,0,0,,566.52
ekk1288@gmail.com,Eugene Kim,stripe,2025-03-13,2025-03-13,0,0,0,0,0,0,,561.02
louis@rhoweelectric.net,Louis Valsaint,shopify,2026-08-27,2026-08-27,0,0,0,1,0,1,,558.48
zimmelect@yahoo.com,Don Zimmerman,shopify,2026-07-22,2026-07-22,0,0,0,1,0,1,,554.96
faraglegalserv,faraglegalserv,mercury,2026-04-01,2026-04-01,0,0,0,0,1,0,,550.0
david@mtnviewsolar.com,David Gawlik,shopify,2026-06-07,2026-06-08,0,0,0,1,0,1,,542.32
alex.mcdonald@greentechrenewables.com,GREENTECH RENEWABLES,crm,2025-08-12,2026-08-09,3,0,0,1,0,0,"Propose,Qualify",541.06
scottb77@gmail.com,Scott Benson,stripe,2026-07-16,2026-07-31,0,2,0,0,0,1,,521.06
jeremymeier@badgerlandexteriors.com,Shopify Draft: #D15,shopify,2026-07-30,2026-07-30,1,0,0,1,0,0,,501.13
u.s.bankchecking6568,u.s.bankchecking6568,mercury,2025-01-24,2025-01-24,0,0,0,0,1,0,,500.0
marxman.13@gmail.com,Mark Huxnett,shopify,2026-02-03,2026-02-10,1,0,0,1,0,1,Closed Won,499.71
sarahholton13@gmail.com,Wayne Holton,shopify,2026-05-21,2026-05-21,0,0,0,1,0,1,,496.47
anderson93921@gmail.com,Steve Anderson,shopify,2026-07-06,2026-07-06,0,0,0,1,0,1,,493.1
twisty808@gmail.com,Richard Fong,shopify,2026-08-09,2026-08-09,0,0,0,1,0,0,,484.97
franciscovergara,Francisco Vergara,shopify,2026-08-23,2026-08-23,0,0,0,1,0,0,,484.45
jonathanpaulbrownortabitha,jonathanpaulbrownortabitha,mercury,2025-04-01,2025-04-01,0,0,0,0,1,0,,474.25
elysa.lackey@gmail.com,Elysa Dailey,shopify,2026-08-15,2026-08-15,0,0,0,1,0,1,,466.39
felicitasarizmendi697@gmail.com,Juan Ramirez,shopify,2026-08-10,2026-08-10,0,0,0,1,0,0,,463.95
283short@gmail.com,Jason Short,shopify,2026-08-11,2026-08-11,0,0,0,1,0,1,,462.02
farm@globalgrowers.org,Todd Eittreim,shopify,2026-08-17,2026-08-17,0,0,0,1,0,0,,454.7
nyjasonfeng@gmail.com,Jason Feng,shopify,2026-07-06,2026-07-08,0,0,0,1,0,1,,452.05
dsanchez@gosolara.com,Danny Sanchez,shopify,2026-08-28,2026-08-28,0,0,0,1,0,1,,449.19
dylanrsmith256@gmail.com,Dylan Cutter Smith,shopify,2026-04-20,2026-04-20,0,0,0,1,0,1,,434.55
marcggremodeling@gmail.com,Marc Gallardo,shopify,2026-04-16,2026-04-16,0,0,0,1,0,1,,422.04
ebaycomov21lyj4,ebaycomov21lyj4,mercury,2025-07-07,2025-07-07,0,0,0,0,1,0,,419.19
aprenterprisescolorado@gmail.com,adam rumpf,shopify,2026-08-07,2026-08-07,0,0,0,1,0,0,,416.81
wvecofarmer@gmail.com,Jeff Santacroce,stripe,2025-03-13,2025-03-13,0,0,0,0,0,0,,413.27
bradleydavidgood@gmail.com,Bradley Good,shopify,2026-06-27,2026-06-27,0,0,0,1,0,1,,408.05
hmskogs@gmail.com,Heidi Skogseth,shopify,2025-10-27,2025-10-27,0,0,0,1,0,0,,405.9
heller1532@gmail.com,Cody Heller,shopify,2026-08-10,2026-08-10,0,0,0,1,0,0,,402.17
centuryelectricsolar@gmail.com,Amanda Mielke Amanda Mielke,shopify,2026-07-24,2026-07-24,0,0,0,1,0,0,,401.83
pedarla@gmail.com,Bhanu Prasad,shopify,2026-08-11,2026-08-11,0,0,1,1,0,1,,399.93
knuckleheadocy@gmail.com,mark cube,shopify,2026-08-06,2026-08-06,0,0,0,1,0,1,,398.83
solarflexioninc,solarflexioninc,mercury,2026-01-20,2026-01-20,0,0,0,0,1,0,,397.99
kingdomdigitalmusic@gmail.com,Jerry King,shopify,2026-08-29,2026-08-29,0,0,0,1,0,0,,390.15
scotdarr@gmail.com,SCOT R DARR,shopify,2026-05-18,2026-05-18,0,0,0,1,0,1,,389.88
maryam56mehboob@gmail.com,Maryam Mehboob,shopify,2025-08-28,2025-08-29,0,0,0,2,0,0,,389.88
hcoptss@gmail.com,Samuel Miller,stripe,2025-03-07,2025-03-07,0,0,0,0,0,0,,384.44
sainothomas,Saino Thomas,shopify,2026-08-18,2026-08-18,0,0,0,1,0,0,,384.25
trackstarpaint@yahoo.com,Moses Bailon,stripe,2025-04-25,2025-04-25,0,0,0,0,0,0,,383.51
bcdia2dayy@gmail.com,Brian Davis,shopify,2026-01-29,2026-02-10,1,0,0,1,0,1,Closed Won,381.91
cnc22869@yahoo.com,Corey Craig,shopify,2026-08-25,2026-08-25,0,0,0,1,0,1,,380.67
shelzmua19@gmail.com,Francisco  Vicente,stripe,2025-03-13,2025-03-13,0,0,0,0,0,0,,375.02
italogenesi@mac.com,Italo M Genesi,shopify,2026-01-28,2026-01-28,0,0,0,1,0,1,,360.37
stinger28425@gmail.com,Petros Tsingelis,shopify,2026-01-25,2026-01-25,0,0,0,1,0,1,,359.53
jacquelinelowther@me.com,Jacqueline Lowther,stripe,2026-03-30,2026-03-30,0,0,0,0,0,1,,358.57
portlandiaelect,portlandiaelect,mercury,2026-07-08,2026-07-08,0,0,0,0,1,0,,354.0
terencesingh@mac.com,Terence Singh,shopify,2026-07-01,2026-07-01,0,0,0,1,0,1,,353.94
geoff@watchtowerfiredefense.com,Geoffrey Eich,shopify,2026-02-27,2026-02-27,0,0,0,1,0,1,,346.14
promotionalcashback,promotionalcashback,mercury,2025-12-08,2026-03-15,0,0,0,0,19,0,,329.24
mromega@powerdesigninc.us,Alex Hamilton,shopify,2026-07-20,2026-07-20,0,0,0,1,0,0,,322.08
jmurtha@nsihq.com,John Murtha,stripe,2025-04-17,2025-04-17,0,0,0,0,0,0,,311.64
jj92777@gmail.com,Jeremiah Giuliano,shopify,2026-08-30,2026-08-30,0,0,0,1,0,1,,311.15
mrriggs84@gmail.com,Michael Riggs,stripe,2025-02-13,2025-02-13,0,0,0,0,0,0,,308.99
kcsova@gmail.com,Kevin Sova,shopify,2026-01-30,2026-01-30,0,0,0,1,0,1,,308.04
wise,wise,mercury,2026-03-31,2026-03-31,0,0,0,0,1,0,,300.0
vernfaddis1@gmail.com,Vernetta Faddis,shopify,2026-08-20,2026-08-20,0,0,0,1,0,1,,298.81
mmccleery84@gmail.com,Mark Mccleery,shopify,2026-07-31,2026-08-05,0,1,0,1,0,1,,287.76
brettshaffer03@gmail.com,brettshaffer03,shopify,2026-08-07,2026-08-07,0,2,0,1,0,0,,284.59
916smog@gmail.com,Chris Lull,shopify,2025-07-14,2025-07-14,0,0,0,1,0,1,,281.15
anaisaromero97@gmail.com,Ana Romero,shopify,2026-07-31,2026-07-31,0,0,0,1,0,1,,267.68
fenixlouisville,fenixlouisville,mercury,2025-09-25,2025-09-25,0,0,0,0,1,0,,262.2
riouxandsonsconstruction@gmail.com,Rioux and Sons construction,shopify,2026-06-28,2026-07-01,0,0,0,1,0,1,,254.86
jameslpendleton@msn.com,james pendleton,shopify,2026-07-13,2026-07-13,0,0,0,1,0,1,,252.26
abbi.dempsey@gmail.com,Abbi Dempsey,shopify,2026-08-14,2026-08-14,0,0,0,1,0,1,,246.34
wendagchristie@gmail.com,James Kohler,shopify,2026-08-13,2026-08-13,0,0,0,1,0,1,,240.7
clearenergypar,clearenergypar,mercury,2026-07-21,2026-07-21,0,0,0,0,1,0,,237.0
gully78@gmail.com,Brian Gulliver,shopify,2026-04-07,2026-04-07,0,0,0,1,0,1,,235.5
jtor08@gmail.com,Shopify Draft: #D14,shopify,2026-07-22,2026-07-22,1,0,0,1,0,0,,235.35
careless01@yahoo.com,Carrie Dover,stripe,2025-03-04,2025-03-04,0,0,0,0,0,0,,233.19
stacruz7702@yahoo.com,Ariel Blanco Ramos,shopify,2026-08-29,2026-08-29,0,0,0,1,0,0,,233.15
stevegencarelli@gmail.com,Steven Gencarelli,shopify,2026-05-26,2026-05-26,0,0,0,1,0,1,,232.77
carsonmaxted,Carson Maxted,shopify,2026-08-08,2026-08-08,0,0,0,1,0,0,,232.56
daniel@seksolar.com,Daniel Zywietz,shopify,2026-06-26,2026-06-26,0,0,0,1,0,1,,230.19
trentonsheppard,Trenton Sheppard,shopify,2026-08-26,2026-08-26,0,0,0,1,0,0,,226.25
perisho@gmail.com,Christopher Perisho,shopify,2026-06-01,2026-06-01,0,0,0,1,0,1,,223.51
jane@jcosolar.com,Jane Huddleston,shopify,2025-07-17,2025-08-20,1,0,0,1,0,1,Qualify,219.0
wram3@aol.com,William Ramos,shopify,2026-08-15,2026-08-15,0,0,0,1,0,1,,218.73
gmckenna@hpa.edu,Greg Mckenna,stripe,2026-07-08,2026-07-08,0,0,0,0,0,1,,218.57
djrnr03@gmail.com,Steven Dominie,shopify,2026-06-23,2026-06-23,0,0,0,1,0,1,,213.2
luis.riverazayas@gmail.com,Luis Rivera Zayas,shopify,2026-08-07,2026-08-07,0,0,0,2,0,1,,209.46
tbookhamer@msn.com,Thomas Bookhamer,shopify,2025-11-17,2025-11-17,0,0,0,1,0,0,,207.75
yatescanipe@yahoo.com,Yates Canipe,shopify,2026-08-13,2026-08-13,0,0,0,1,0,0,,194.89
ajkais@hotmail.com,James Kaiser,shopify,2026-08-17,2026-08-17,0,0,0,1,0,0,,186.35
vladimirtkach,Vladimir Tkach,shopify,2026-08-28,2026-08-28,0,0,0,1,0,0,,183.4
garrettkranz,Garrett Kranz,shopify,2026-07-15,2026-07-15,0,0,0,1,0,0,,175.84
cano51150@gmail.com,Luis Cano,shopify,2026-08-18,2026-08-18,0,0,0,1,0,1,,166.3
glennhunter44@gmail.com,Glenn Hunter,shopify,2026-08-25,2026-08-25,0,0,0,1,0,1,,165.66
rcroteau@maine.rr.com,Ray Croteau,shopify,2026-08-14,2026-08-14,0,0,0,1,0,1,,156.96
kylebrandonhardy@gmail.com,Kyle Hardy,shopify,2026-06-28,2026-06-28,0,0,0,1,0,1,,151.91
evlofthu@paulbunyan.net,Erling Lofthus,shopify,2026-08-18,2026-08-18,0,0,0,1,0,1,,149.03
tw092488@verizon.net,Tina Wieand,stripe,2025-05-16,2025-05-16,0,0,0,0,0,1,,144.14
ebaycomcjiqoumx,ebaycomcjiqoumx,mercury,2026-01-13,2026-01-13,0,0,0,0,1,0,,135.36
jonathantanf,Jonathan Tanf,shopify,2026-08-01,2026-08-01,0,0,0,1,0,0,,130.42
alyssamariekaplan@gmail.com,Alyssa Lake,shopify,2026-07-04,2026-07-04,0,0,0,1,0,1,,128.14
redbaran28@gmail.com,Rick Baranowski,shopify,2026-08-20,2026-08-20,0,0,0,1,0,1,,125.72
arthurachan@gmail.com,Arthur Chan,shopify,2026-05-19,2026-05-19,0,0,0,1,0,1,,125.14
87a9568@gmail.com,Jim lang,stripe,2025-01-24,2025-01-24,0,0,0,0,0,0,,123.54
fvhorses@live.com,Fred Enist,stripe,2025-12-11,2025-12-11,0,0,0,0,0,1,,120.68
aaronlambirth@gmail.com,Aaron Mark Lambirth,shopify,2026-03-23,2026-03-23,0,0,0,1,0,1,,115.75
amodak2014@gmail.com,anup modak,shopify,2026-06-24,2026-06-24,0,0,0,1,0,2,,115.21
texaswatcher2001@gmail.com,Michael Montgomery,shopify,2026-08-09,2026-08-09,0,0,0,1,0,0,,113.71
zachary.a.muffin@gmail.com,ZACHARY JOHANN ASMUSSEN,shopify,2026-08-29,2026-08-29,0,0,0,1,0,1,,104.3
burnsae8@gmail.com,Andrew Burns,shopify,2026-07-20,2026-07-20,0,0,0,1,0,0,,93.65
perkiner21@gmail.com,Eric Perkins,shopify,2026-08-03,2026-08-03,0,2,0,1,0,1,,81.14
nealriebe@yahoo.com,neal riebe,shopify,2026-06-10,2026-06-10,0,0,0,1,0,1,,80.01
00811893f40bb414ab15@members.ebay.com,Matthew Komatz,shopify,2025-07-31,2025-07-31,0,0,0,1,0,0,,79.66
harkyk.ent@gmail.com,Kevin Harkreader,shopify,2026-04-23,2026-04-23,0,0,0,1,0,0,,79.48
cramcliff@icloud.com,clifton cram,shopify,2026-04-28,2026-04-28,0,0,0,1,0,2,,78.11
rayz@solarguardiansusa.com,Raymond Zola,shopify,2026-03-24,2026-03-24,0,0,0,1,0,1,,74.05
purchasing@americansolar.net,Donna Brodman,shopify,2026-06-23,2026-06-24,1,0,0,1,0,1,Qualify,73.02
robert.williams538@gmail.com,Robert Williams,shopify,2026-06-21,2026-06-21,0,0,0,1,0,0,,70.79
addonelectric@gmail.com,Jesus Carrasco,shopify,2026-08-11,2026-08-11,0,0,0,1,0,1,,67.42
emerson@standardgc.net,Emerson Bostrom,shopify,2026-07-17,2026-07-17,0,0,0,1,0,0,,67.01
chrisdexter,chris dexter,shopify,2026-07-28,2026-07-28,0,0,0,1,0,0,,63.88
markbeatty33@gmail.com,Mark Beatty,shopify,2025-11-17,2025-11-17,0,0,0,1,0,0,,57.11
ron.warren00@yahoo.com,Ronald Warren,shopify,2026-08-30,2026-08-30,0,0,0,1,0,0,,51.91
dcarpentdean@gmail.com,Dean Carpenter,shopify,2026-08-28,2026-08-28,0,0,0,1,0,0,,47.42
mattflys7@yahoo.com,Matthew Buitenkamp,shopify,2026-06-09,2026-06-09,0,0,0,1,0,1,,44.05
purchasing@arihetra.com,Cameron Hoffman,shopify,2026-08-06,2026-08-06,0,0,0,1,0,1,,40.97
nodote135@gmail.com,Noah Doty,stripe,2024-12-20,2024-12-20,0,0,0,0,0,0,,39.37
fable@rivenai.io,Riven AI,stripe,2026-07-14,2026-09-14,0,0,0,0,0,0,,37.67
kernwyn1@hotmail.com,Kernwyn Collins,shopify,2026-08-05,2026-08-05,0,0,0,1,0,1,,36.23
admin@solux.energy,Danielle Singh,shopify,2026-06-23,2026-06-23,0,0,0,1,0,2,,30.34
operations@portlandiaelectric.supply,Michael,stripe,2026-03-13,2026-03-13,0,0,0,0,0,0,,29.0
sarah.wilson963@gmail.com,Sarah Wilson,shopify,2026-06-21,2026-06-21,0,0,0,1,0,0,,28.52
anna.taylor35@gmail.com,Anna Taylor,shopify,2026-06-21,2026-06-21,0,0,0,1,0,0,,26.16
robert.williams630@gmail.com,Robert Williams,shopify,2026-06-21,2026-06-21,0,0,0,1,0,0,,26.01
gordonlgummow@msn.com,Gordon Gummow,shopify,2026-08-20,2026-08-20,0,0,0,1,0,1,,25.55
scottbenson,scottbenson,mercury,2026-07-16,2026-07-16,0,0,0,0,1,0,,15.57
applewallet,applewallet,mercury,2026-08-06,2026-08-06,0,0,0,0,1,0,,10.0
ebaycompc4f3iu9,ebaycompc4f3iu9,mercury,2026-01-22,2026-01-22,0,0,0,0,1,0,,7.17
,,stripe,2024-11-27,2026-09-14,0,0,308,0,0,0,,5.0
sdfcu,sdfcu,mercury,2025-03-14,2025-06-17,0,0,0,0,6,0,,2.5
liam@cassilly.capital,Liam Cassilly,stripe,2024-12-17,2024-12-17,0,0,0,0,0,0,,2.12
pdffiller,pdffiller,mercury,2025-04-25,2025-04-25,0,0,0,0,1,0,,2.0
luxrewardscashback,luxrewardscashback,mercury,2025-11-08,2025-11-08,0,0,0,0,1,0,,0.73
circlek,circlek,mercury,2025-09-10,2025-09-10,0,0,0,0,1,0,,0.5
wellsfargoifi,wellsfargoifi,mercury,2025-03-14,2025-03-14,0,0,0,0,2,0,,0.44
savingsinterest,savingsinterest,mercury,2025-06-01,2026-08-01,0,0,0,0,14,0,,0.33
paypal,paypal,mercury,2025-07-16,2025-07-16,0,0,0,0,2,0,,0.17
nfcu,nfcu,mercury,2025-03-14,2025-03-14,0,0,0,0,2,0,,0.17
ebaycomhgqailef,ebaycomhgqailef,mercury,2025-06-24,2025-06-24,0,0,0,0,2,0,,0.08
ebaycom8cahawqu,ebaycom8cahawqu,mercury,2025-12-01,2025-12-01,0,0,0,0,2,0,,0.06
timmyers,Tim Myers,crm,2026-03-24,2026-03-24,1,0,0,0,0,0,Qualify,0.0
melody.navarrete@calpacguam.com,"California Pacific Technical Services, LLC",crm,2026-03-13,2026-03-13,1,0,0,0,0,2,Qualify,0.0
bcarter101@aol.com,Barbara Carter,crm,2026-03-11,2026-03-11,1,0,0,0,0,0,Qualify,0.0
eamonn@poipuclub.com,Poipu Beach Athletic Club,crm,2026-03-05,2026-03-05,1,0,0,0,0,1,Qualify,0.0
admin@eleksolutions.com,Elek Solutions,crm,2026-03-03,2026-03-03,1,0,0,0,0,0,Qualify,0.0
sean.natalo@axiom360.com,Axiom360,crm,2026-03-02,2026-03-02,1,0,0,0,0,1,Qualify,0.0
eric.smith@nexteer.com,Nexteer,crm,2026-02-25,2026-02-25,1,0,0,0,0,1,Qualify,0.0
toby.varghese7@gmail.com,Toby Varghese's,crm,2026-02-24,2026-02-24,1,0,0,0,0,1,Qualify,0.0
christopher.mcnally@nsbe.com,NSBE,crm,2026-02-24,2026-02-24,1,0,0,0,0,1,Qualify,0.0
richard.s.kernan@xcelenergy.com,Xcel Energy Inc.'s,crm,2026-02-18,2026-02-18,1,0,0,0,0,1,Qualify,0.0
jmercer@jeffmercerllc.com,Jeff Mercer LLC,crm,2026-02-17,2026-02-17,1,0,0,0,0,1,Qualify,0.0
phoenixluis@gmail.com,"Civil Constructors, Inc.",crm,2026-02-16,2026-02-16,1,0,0,0,0,1,Propose,0.0
anedromail@icloud.com,Nance Construction,crm,2026-01-29,2026-01-29,1,0,0,0,0,0,Negotiate,0.0
info.hollyenergylp@aol.com,Holly Energy LP,crm,2026-01-28,2026-01-28,2,0,0,0,0,0,Qualify,0.0
chuffman@team.nxlink.com,Nextlink Internet,crm,2026-01-28,2026-01-28,1,0,0,0,0,1,Qualify,0.0
eu1@abteurope.uk,ABT Europe Limited,crm,2026-01-26,2026-01-26,1,0,0,0,0,1,Closed Lost,0.0
carolynwilliams153@yahoo.com,carolyn williams's,crm,2026-01-22,2026-01-22,1,0,0,0,0,1,Qualify,0.0
josh@sbrsolar.com,"SBR Solar Maintenance, Inc.",crm,2026-01-21,2026-01-21,1,0,0,0,0,1,Closed Lost,0.0
jtuazon@dpmgt.com,Diamond Properties,crm,2025-08-13,2026-08-07,4,13,0,0,0,5,"Closed Won,Stuck/Paused",0.0
emily.workman@bellelectrical.com,Bell Electrical Contractors,crm,2026-01-15,2026-01-15,1,0,0,0,0,1,Propose,0.0
afitzpatrick@agilitechgroup.com,Agilitech LLC,crm,2026-01-12,2026-01-12,1,0,0,0,0,1,Qualify,0.0
dan@hoeslidiesel.com,Hoesli Diesel Service Inc,crm,2026-01-08,2026-01-08,2,0,0,0,0,1,Closed Lost,0.0
procurement1@integratesun.com,"IntegrateSun, LLC",crm,2025-10-10,2026-01-07,2,0,0,0,0,1,"Propose,Qualify",0.0
scottolearys,Scott O'Leary's,crm,2026-01-02,2026-01-02,1,0,0,0,0,0,Closed Won,0.0
bernie.rihn@gmail.com,Bernard Rihn,crm,2025-12-30,2025-12-30,1,0,0,0,0,1,Closed Lost,0.0
davecarlton,Dave Carlton,crm,2025-12-29,2025-12-29,1,0,0,0,0,0,Stuck/Paused,0.0
tsheehy@prodigy.net,Tom Sheehy's,crm,2025-12-29,2025-12-29,1,0,0,0,0,0,Propose,0.0
info@cccpconsultingllc.com,CCCP Consulting LLC,crm,2025-12-27,2025-12-27,1,0,0,0,0,0,Qualify,0.0
senthilveluj1@live.com,Senthilvelu Jayavelu,crm,2025-12-23,2025-12-23,1,0,0,0,0,0,Stuck/Paused,0.0
dlane@sunkeepersolar.com,Sunkeeper Solar Electric LLC's  Sol,crm,2025-07-30,2025-12-22,4,0,0,0,0,3,"Closed Won,Qualify",0.0
brantuoent1964@gmail.com,Brantuo Enterprise Ltd.,crm,2025-12-18,2025-12-18,1,0,0,0,0,1,Closed Lost,0.0
ayodapoosisanyas,Ayodapo Osisanya's,crm,2025-12-15,2025-12-15,1,0,0,0,0,0,Closed Won,0.0
greenmusclesolars,Green Muscle Solar's,crm,2025-12-12,2025-12-12,1,0,0,0,0,0,Closed Won,0.0
loomis.design.services@gmail.com,Loomis Design Services,crm,2025-12-10,2025-12-10,1,0,0,0,0,1,Closed Lost,0.0
rosslambert@yahoo.com,Ross Lambert,crm,2025-12-09,2025-12-09,1,0,0,0,0,1,Closed Lost,0.0
chsuydam@gmail.com,Craig Suydam,crm,2025-12-04,2025-12-04,1,0,0,0,0,0,Qualify,0.0
rangerbassrat@yahoo.com,Michael O'Neill,crm,2025-12-01,2025-12-01,1,0,0,0,0,0,Closed Lost,0.0
r.erika@bsehq.com,Big Shine Energy,crm,2025-11-25,2025-11-28,2,0,0,0,0,0,"Closed Lost,Closed Won",0.0
kevin.flores@solarcellzusa.com,Solar Cellz USA LLC.,crm,2025-11-28,2025-11-28,1,0,0,0,0,0,Qualify,0.0
chris@loveelectricsolar.com,Chris,crm,2025-11-24,2025-11-24,1,0,0,0,0,0,Qualify,0.0
info@michigansolarsolutions.com,Michigan Solar Solutions,crm,2025-11-20,2025-11-20,2,0,0,0,0,0,Qualify,0.0
swtenergy@yahoo.com,SWT Energy Inc,crm,2025-11-18,2025-11-20,2,0,0,0,0,0,"Negotiate,Qualify",0.0
knorman@aroundtheclockgas.com,MDP Sourcing,crm,2025-11-18,2025-11-18,1,0,0,0,0,0,Negotiate,0.0
bella@rccityus.com,RC City,crm,2025-10-09,2025-11-07,4,0,0,0,0,1,Closed Lost,0.0
onesourcedist,One Source Dist,crm,2025-11-06,2025-11-06,1,0,0,0,0,0,Qualify,0.0
steve.makinen@abcsupply.com,Steve Makinen's 480 units Solar Ballast Blocks,crm,2025-11-06,2025-11-07,2,0,0,0,0,0,"Propose,Stuck/Paused",0.0
klazarte@energyaid.net,Energyaid Inc.,crm,2025-11-05,2025-11-05,1,0,0,0,0,0,Stuck/Paused,0.0
fleutenegger@motiveis.com,Motive Infrastructure Solutions,crm,2025-10-28,2025-10-28,1,0,0,0,0,0,Qualify,0.0
clsegravesllc@gmail.com,Chris,crm,2025-10-23,2025-10-23,1,0,0,0,0,0,Qualify,0.0
sunsynchardware,Sun Sync Hardware,crm,2025-10-22,2025-10-22,1,0,0,0,0,0,Qualify,0.0
ccaudill@caudillsprouting.com,"Caudill Sprouting, LLC",crm,2025-10-22,2025-10-22,2,0,0,0,0,1,Qualify,0.0
intermountainelectric,Intermountain Electric,crm,2025-10-17,2025-10-17,1,0,0,0,0,0,Qualify,0.0
brianinthegreatoutdoors@gmail.com,Brian Morris,crm,2025-10-02,2025-12-19,4,0,0,0,0,1,"Closed Won,Negotiate,Stuck/Pau",0.0
mdean@coastalcontrols.com,Matthew Dean,crm,2025-10-17,2025-10-17,1,0,0,0,0,0,Stuck/Paused,0.0
dennis@k2space.com,K2 Space,crm,2025-10-16,2025-10-16,1,0,0,0,0,0,Qualify,0.0
edkkoaman@icloud.com,Edward Kabus,crm,2025-10-16,2025-10-16,1,0,0,0,0,0,Closed Lost,0.0
emily.talley@qesolar.com,QE Solar,crm,2025-10-14,2025-10-14,1,0,0,0,0,0,Qualify,0.0
fortworthindustrialsupply,Fort Worth Industrial Supply,crm,2025-10-10,2025-10-10,1,0,0,0,0,0,Qualify,0.0
haydenbalch7@gmail.com,Hayden Balch,crm,2025-10-07,2025-10-07,1,0,0,0,0,1,Qualify,0.0
proroofingkc,PRO ROOFING KC,crm,2025-10-03,2025-10-03,1,0,0,0,0,0,Qualify,0.0
pmooney@sealpm.com,SEAL PM,crm,2025-10-02,2025-10-02,1,0,0,0,0,0,Qualify,0.0
meghan@rayapower.com,Raya Power,crm,2025-10-01,2025-10-01,1,0,0,0,0,1,Qualify,0.0
solarsupply@mail.com,SOLAR ADVOCACY GROUP LLC,crm,2025-09-29,2026-08-08,1,13,0,0,0,1,Qualify,0.0
pairedpower,Paired Power,crm,2025-09-29,2025-09-29,1,0,0,0,0,0,Qualify,0.0
procurementsolar@nedeserv.com,NEDESERV LLC,crm,2025-09-26,2025-09-26,1,0,0,0,0,0,Qualify,0.0
mbeane@floridaelectricandsolar.com,Florida Electric & Solar LLC,crm,2025-09-26,2025-09-26,1,0,0,0,0,1,Qualify,0.0
eromelus@gogreenmansolar.com,Go Greenman Solar,crm,2025-09-25,2026-08-09,3,10,0,0,0,0,"Propose,Qualify",0.0
chris.johnson@sievertelectric.com,Sievert Electric,crm,2025-09-25,2025-09-25,1,0,0,0,0,0,Qualify,0.0
akim@easternpowersolutions.com,Eastern Power Solutions,crm,2025-09-24,2025-09-24,2,0,0,0,0,0,Qualify,0.0
benjamin.farr@solisinverters.com,Ginlong (Solis) Technologies US,crm,2025-09-23,2025-09-23,1,0,0,0,0,0,Qualify,0.0
rayelectric,Ray Electric,crm,2025-09-23,2025-09-23,1,0,0,0,0,0,Qualify,0.0
jj.arslanian@harmonyenergyworks.com,Harmony Energy Works Incorporated,crm,2025-09-22,2025-09-22,1,0,0,0,0,1,Qualify,0.0
info@windsoleil.com,SMA 5000,crm,2025-09-22,2025-09-22,1,0,0,0,0,1,Qualify,0.0
cheri@tritonsubs.com,Cheri Wright's opportunity,crm,2025-09-17,2025-09-17,2,0,0,0,0,1,"Closed Lost,Qualify",0.0
scott@brownandsons.net,Scott Noethen,crm,2025-09-17,2025-09-17,1,0,0,0,0,1,Closed Won,0.0
sam.weegman@caztek.com,Caztek Engineering,crm,2025-09-12,2025-09-12,1,0,0,0,0,0,Propose,0.0
pricing@risasolar.net,RISA Solar LLC,crm,2025-09-11,2026-02-02,2,0,0,0,0,1,Qualify,0.0
austin.matson@solargaininc.com,"Solar Gain, Inc",crm,2025-09-09,2025-09-09,1,0,0,0,0,0,Propose,0.0
newenergybuilders,NEW ENERGY BUILDERS,crm,2025-09-04,2025-09-04,1,0,0,0,0,0,Qualify,0.0
alex@portlandiaelectric.supply,Gaurav,crm,2025-08-31,2025-08-31,1,0,0,0,0,0,Qualify,0.0
jmg@betterenergysol.com,Better Energy Solutions Team Inc,crm,2025-08-29,2025-08-29,1,0,0,0,0,0,Qualify,0.0
store@greenvistaliving.com,Green Vista Living,crm,2025-08-29,2025-08-29,1,0,0,0,0,2,Qualify,0.0
info@mukatrade.com,Muka Trade LLC,crm,2025-08-18,2026-01-23,4,0,0,0,0,9,"Closed Lost,Closed Won,Qualify",0.0
tim@panelized.com,"Panelized Solar, Inc.",crm,2025-08-12,2025-08-26,3,0,0,0,0,4,Qualify,0.0
atrout@mcatservices.com,Art Trout,crm,2025-08-25,2025-08-25,1,0,0,0,0,1,Qualify,0.0
atwombly@gmail.com,Aaron Twombly,crm,2025-08-19,2025-08-19,1,0,0,0,0,0,Qualify,0.0
portlandiapowergroup@gmail.com,BRENT BARKLEY,crm,2025-08-18,2025-08-18,1,0,0,0,0,0,Qualify,0.0
barkleysolar,Barkley Solar,crm,2025-08-15,2025-08-15,2,0,0,0,0,0,Qualify,0.0
al.frasz@yellowlite.com,Alan R. Frasz,crm,2025-08-13,2025-08-13,1,0,0,0,0,0,Qualify,0.0
mooseprojectspreckenergy51625,MOOSEPROJECTSPRECKENERGY51625,crm,2025-08-11,2025-08-11,1,0,0,0,0,0,Propose,0.0
ynrsmhr@gmail.com,TEST AP's opportunity,crm,2025-08-11,2025-08-14,4,0,0,0,0,0,"Closed Won,Negotiate,Propose",0.0
asifnhy@gmail.com,Odoo Implementation,crm,2025-08-03,2025-08-03,1,0,0,0,0,0,Qualify,0.0
asifnchy@gmail.com,Test Asif's opportunity,crm,2025-08-03,2025-08-03,1,0,0,0,0,0,Propose,0.0
ak@aeolusenergyllc.com,Aeolus Energy LLC,crm,2026-08-09,2026-08-09,1,0,0,0,0,1,Propose,0.0
goran@sunsyncsolutions.com,SunSync G&K 70,crm,2026-08-09,2026-08-09,1,0,0,0,0,1,Propose,0.0
frontdesk@openworksbmore.com,Open Works,crm,2026-07-21,2026-07-21,1,0,0,0,0,0,Closed Won,0.0
teamgomez@hotmail.com,John Fernandez,crm,2026-03-19,2026-03-19,1,0,0,0,0,0,Qualify,0.0
bobooth97@gmail.com,Bob Booth,crm,2026-03-18,2026-03-18,1,0,0,0,0,1,Qualify,0.0
simone.mubiala@solarcellsusa.com,Simone Mubiala,crm,2026-03-18,2026-03-18,1,0,0,0,0,1,Qualify,0.0
fwilkinson@hopiuc.com,Hopi Utilities Corporation,crm,2026-03-17,2026-03-17,2,0,0,0,0,0,Qualify,0.0
kelley.sparky@gmail.com,Kelley Kehoe,crm,2026-03-16,2026-03-16,2,0,0,0,0,1,Qualify,0.0
willie112champ@yahoo.com,Willi Champ's Generac Li,crm,2026-03-13,2026-03-13,1,0,0,0,0,0,Qualify,0.0
pulloa@comasa.com.ni,Comasa,crm,2026-03-13,2026-08-09,3,0,0,0,0,1,"Propose,Qualify",0.0
arbucklehomestead@gmail.com,Donna Cook,crm,2026-03-12,2026-03-12,1,0,0,0,0,1,Qualify,0.0
pjsausville@gmail.com,Paul Sausville,crm,2026-03-12,2026-03-12,1,0,0,0,0,1,Qualify,0.0
ccschiavoni@gmail.com,Caleb Schiavoni,crm,2026-03-05,2026-03-12,2,0,0,0,0,1,Qualify,0.0
metalgitar@yahoo.com,Ronald Phillips,crm,2026-03-12,2026-03-12,1,0,0,0,0,1,Qualify,0.0
jpsolarservicesincs,JP Solar Services Inc's,crm,2026-03-10,2026-03-10,1,0,0,0,0,0,Qualify,0.0
jh20london91@gmail.com,Joseph London,crm,2026-03-10,2026-03-10,1,0,0,0,0,1,Qualify,0.0
jermsey@yahoo.com,jermsey@yahoo.com's Tesla Powerwall 2→2,crm,2026-03-05,2026-03-05,1,0,0,0,0,1,Qualify,0.0
egomez@mgindustrialsupplies.com,M&G INDUSTRIAL SUPPLIES,crm,2026-03-05,2026-03-05,2,0,0,0,0,2,Qualify,0.0
diana.fitzpatrick@irispower.com,Diana Fitzpatrick,email,2025-12-12,2026-08-09,2,30,0,0,0,1,Qualify,0.0
mstoltz@motiveenergy.com,Motive Energy,crm,2026-03-04,2026-03-04,1,0,0,0,0,0,Qualify,0.0
dcobian@jdcenergysolutions.com,JDC Energy,crm,2026-03-03,2026-03-03,1,0,0,0,0,1,Qualify,0.0
silviameza@axiumsolar.com,Axium Solar Inc,crm,2026-02-26,2026-02-26,1,0,0,0,0,0,Qualify,0.0
metricsolarinc@gmail.com,Metric Solar Inc.,crm,2026-02-26,2026-02-26,1,0,0,0,0,1,Qualify,0.0
technicalsupport@homeimprovementsolar.com,HOME IMPROVEMENT SOLAR,crm,2026-02-26,2026-02-26,1,0,0,0,0,0,Qualify,0.0
budpruitt@asesolar.com,ASE Solar Solutions,crm,2026-02-26,2026-08-09,3,0,0,0,0,1,Qualify,0.0
garrett@ibselectronics.com,IBS Electronics,crm,2026-02-25,2026-02-25,1,0,0,0,0,1,Qualify,0.0
martyshobbies1728@gmail.com,Glenn Friedman,crm,2026-02-23,2026-02-23,1,0,0,0,0,1,Qualify,0.0
benhuntee@icloud.com,Ben Hunter,crm,2026-02-20,2026-02-20,1,0,0,0,0,1,Qualify,0.0
arie@770electriccorp.com,ARIE BAR,crm,2026-02-20,2026-02-20,1,0,0,0,0,1,Qualify,0.0
warrenehouk3@gmail.com,Warren Houk's Unirac Solarmount T,crm,2026-02-18,2026-02-18,1,0,0,0,0,1,Qualify,0.0
projects@tiiusa.com,"Technology International, Inc.'s Honda EM6500S iAVR Series Portable Generator, 6500 Surge Watts →2",crm,2026-01-12,2026-02-18,2,0,0,0,0,2,Qualify,0.0
jpageaz17@gmail.com,JUSTIN PAGE,crm,2026-02-16,2026-02-16,1,0,0,0,0,1,Qualify,0.0
rmritzler@gmail.com,Ray Ritzler,crm,2026-02-16,2026-02-16,1,0,0,0,0,1,Qualify,0.0
steve.west@att.net,Steve West's BYD Battery,crm,2026-02-16,2026-02-16,1,0,0,0,0,1,Qualify,0.0
cbesgenerac@hotmail.com,Charles Bueno,crm,2026-02-16,2026-02-16,1,0,0,0,0,1,Qualify,0.0
mbwraps@yahoo.com,Mary Beth Warner,crm,2026-02-16,2026-02-16,1,0,0,0,0,1,Qualify,0.0
martinruggeri@me.com,Martín Ruggeri,crm,2026-02-16,2026-02-16,1,0,0,0,0,1,Qualify,0.0
rayan.quantumsrv@gmail.com,Quantum Concierge Services LLC,crm,2026-02-12,2026-02-12,1,0,0,0,0,1,Qualify,0.0
cwilson@rinnai.us,CHRIS WILSON,crm,2026-01-29,2026-01-29,1,0,0,0,0,0,Qualify,0.0
klasreniere@solvest.ca,Solvest — Proposal Activity (1 emails),crm,2026-01-28,2026-08-09,2,0,0,0,0,1,Qualify,0.0
edsult5@gmail.com,Ed Sult,crm,2026-01-23,2026-01-23,1,0,0,0,0,0,Qualify,0.0
robert.bryan@cccpconsultingllc.com,Robert Bryan,crm,2026-01-23,2026-08-08,1,4,0,0,0,2,Qualify,0.0
josh.cartwright@sunlightsolar.com,Sun Light Solar's SMA Solar Sunny Boy 6kW 208/240VAC String Inverter,crm,2026-01-21,2026-01-21,1,0,0,0,0,1,Qualify,0.0
jorge@solarsme.com,Jorge Amaya,crm,2026-01-21,2026-01-21,1,0,0,0,0,3,Qualify,0.0
quotes@blueangel.com,Ashley Robley,crm,2026-01-19,2026-07-21,2,0,0,0,0,2,Qualify,0.0
pbailey@solarsolutions.com,"Solar Solutions Ltd,",crm,2026-01-19,2026-01-19,1,0,0,0,0,0,Qualify,0.0
jonrose.lowe@yahoo.com,Jonathan Lowe,crm,2026-01-19,2026-01-19,1,0,0,0,0,0,Qualify,0.0
danny@southfacese.com,Southface Solar & Electric's URE 365W Black panel→ 15,crm,2026-01-14,2026-01-14,1,0,0,0,0,0,Qualify,0.0
parts@sunupsts.com,Sunup Solar Tech Services's Fronius Datamanager 2.0 → 1,crm,2026-01-14,2026-01-14,1,0,0,0,0,0,Qualify,0.0
donna@americansolar.net,American Solar,crm,2026-01-13,2026-01-13,1,0,0,0,0,1,Qualify,0.0
office@earthxbatteries.com,EarthX Inc,crm,2026-01-08,2026-01-08,1,0,0,0,0,1,Qualify,0.0
d.emisiko@beyondmatrixltd.co.ke,Beyond Matrix,crm,2026-01-08,2026-01-08,1,0,0,0,0,1,Qualify,0.0
adil@fuseservice.com,FUSE SERVICE INC,crm,2026-01-06,2026-01-06,1,0,0,0,0,1,Propose,0.0
penn.tasinga@gmail.com,penn.tasinga,crm,2026-01-06,2026-08-07,2,10,0,0,0,1,Negotiate,0.0
footsball@att.net,Phillip Nardoci,crm,2026-01-02,2026-01-02,1,0,0,0,0,0,Qualify,0.0
rlk101@myyahoo.com,Ron Kaufmann,crm,2025-12-30,2025-12-30,1,0,0,0,0,1,Closed Won,0.0
jerome49@gmail.com,Lewis - Tesla Powerwall Communications Gateway,crm,2025-12-29,2025-12-29,1,0,0,0,0,0,Qualify,0.0
rajiv@sgrenewables.energy,SG Renewables Energy,crm,2025-12-24,2025-12-24,1,0,0,0,0,0,Closed Lost,0.0
rcuppett@indigosolarenergy.com,INDIGO SOLAR ENERGY,crm,2025-12-18,2025-12-18,1,0,0,0,0,1,Qualify,0.0
jeremyyoung,Jeremy Young,crm,2025-12-04,2025-12-04,1,0,0,0,0,0,Qualify,0.0
darrina@qeidaho.com,Quality Electric,crm,2025-11-10,2025-11-10,1,0,0,0,0,0,Qualify,0.0
r.geckley@ncore.net,R Geckley,crm,2025-11-04,2025-11-04,1,0,0,0,0,0,Qualify,0.0
jallman@clarkecoenergy.com,Clark EcoEnergy,crm,2025-11-04,2025-11-04,1,0,0,0,0,0,Qualify,0.0
gridsmartsolar,Grid Smart Solar,crm,2025-10-30,2025-10-30,1,0,0,0,0,0,Qualify,0.0
joffrey.boekhoudt@gmail.com,Joffrey,crm,2025-10-29,2025-10-29,1,0,0,0,0,0,Qualify,0.0
samy.nashabe@quickensolar.com,Quicken Solar,crm,2025-10-28,2025-10-28,1,0,0,0,0,0,Qualify,0.0
jamesthaddeus33@gmail.com,Jim Unfried,crm,2025-10-27,2025-10-27,1,0,0,0,0,0,Qualify,0.0
shane@selectricsolutions.com,Selectric Solutions,crm,2025-10-25,2025-10-25,1,0,0,0,0,0,Qualify,0.0
panhandlemachineshop@gmail.com,Panhandle Machine Shop,crm,2025-10-25,2025-10-25,1,0,0,0,0,0,Qualify,0.0
mtroncoso@dimensionenergy.com,Dimension Energy,crm,2025-10-24,2025-10-24,1,0,0,0,0,0,Qualify,0.0
seaton@owaenergy.com,OWA Energy Management,crm,2025-10-21,2025-10-21,1,0,0,0,0,0,Qualify,0.0
phildeurs,Phil Deur's,crm,2025-10-21,2025-10-21,1,0,0,0,0,0,Qualify,0.0
christen.monk@wanco.com,Christen Monk's,crm,2025-10-21,2025-10-21,1,0,0,0,0,0,Qualify,0.0
amy@imelectric.com,Amy Sosa,crm,2025-10-21,2025-10-21,1,0,0,0,0,0,Meet & Present,0.0
order@gordonmanor.net,Mark Gordon,crm,2025-10-21,2025-10-21,1,0,0,0,0,1,Qualify,0.0
milan@pelsystems.com,Milan Ilic,crm,2025-10-21,2025-10-21,1,0,0,0,0,2,Qualify,0.0
orionsolar@solution4u.com,ORION SOLAR LLC,crm,2025-10-20,2025-10-20,1,0,0,0,0,1,Qualify,0.0
pes,PES,crm,2025-10-16,2025-10-16,1,0,0,0,0,0,Qualify,0.0
newwales2007@gmail.com,Jam Rock,crm,2025-10-06,2025-10-06,1,0,0,0,0,0,Qualify,0.0
weylandventures,Weyland Ventures,crm,2025-10-05,2025-10-05,1,0,0,0,0,0,Qualify,0.0
bina14@gmail.com,Sabrina Kotulla,crm,2025-09-26,2025-09-26,1,0,0,0,0,1,Qualify,0.0
eurbina@aggpr.com,"AG GROUP, LLC",crm,2025-09-22,2025-09-22,1,0,0,0,0,1,Qualify,0.0
sales@unitedplc.net,United Power Line Components,crm,2025-09-08,2025-09-08,1,0,0,0,0,1,Qualify,0.0
ryanwelschs,Ryan Welsch's,crm,2025-09-03,2025-09-03,1,0,0,0,0,0,Qualify,0.0
akporter@rocketmail.com,Andrew Porter,crm,2025-08-27,2025-08-27,1,0,0,0,0,1,Qualify,0.0
barkleysolarllcs,"Barkley Solar, LLC's",crm,2025-08-13,2025-08-15,2,0,0,0,0,0,Qualify,0.0
garyegoodwin7@gmail.com,Gary Goodwin,crm,2025-08-11,2025-08-13,2,0,0,0,0,1,"Meet & Present,Qualify",0.0
dsmerancio@solux.energy,Solux Energy — Proposal Activity (5 emails),email,2026-08-06,2026-08-09,2,64,0,0,0,7,"Propose,Qualify",0.0
connor.mclendon@powerstore.com,connor.mclendon,email,2026-08-06,2026-08-09,2,33,0,0,0,0,"Propose,Qualify",0.0
jared@guidedpathsolar.com,Guidedpathsolar,email,2026-08-07,2026-08-09,2,58,0,0,0,0,"Propose,Qualify",0.0
jakubs@sourcedright.com,Sourced Right — Proposal Activity (6 emails),email,2026-08-06,2026-08-09,2,5,0,0,0,0,"Propose,Qualify",0.0
tim.joyce@cccpconsultingllc.com,CCC Consulting LLC,email,2026-08-08,2026-08-09,2,4,0,0,0,1,"Propose,Qualify",0.0
zach@fryrealtycollective.com,Fry Realty Collective,email,2026-08-06,2026-08-09,1,4,0,0,0,0,Propose,0.0
jaime.l.gilmore@cummins.com,Cummins — Proposal Activity (9 emails),email,2026-08-07,2026-08-09,1,131,0,0,0,0,Propose,0.0
dariann.diorio@signaturesolar.com,Signature Solar LLC,email,2025-11-24,2026-08-09,1,6,0,0,0,0,Propose,0.0
chris.grablutz@triforceenergy.com,chris.grablutz,email,2026-08-07,2026-08-09,1,23,0,0,0,0,Propose,0.0
jay.gaines@savageirrigation.com,Savage Irrigation,crm,2026-08-09,2026-08-09,1,0,0,0,0,1,Propose,0.0
gsuranyi@gmail.com,George Suranyi,crm,2026-08-09,2026-08-09,1,0,0,0,0,1,Propose,0.0
k.delaney@usa.krannichsolar.com,Krannich Solar — Proposal Activity (34 emails),email,2026-08-06,2026-08-09,2,287,0,0,0,0,"Propose,Qualify",0.0
shtprotst@yahoo.com,JA Solar 440W,crm,2026-07-28,2026-07-28,1,0,0,0,0,1,Qualify,0.0
tmurph@pacificsolartechnologies.com,"Pacific Solar Technologies,",crm,2026-06-24,2026-06-24,1,0,0,0,0,0,Qualify,0.0
joshakana34@gmail.com,Josh,crm,2026-03-17,2026-03-17,1,0,0,0,0,0,Qualify,0.0
alikhod83@gmail.com,AEM Engineering,crm,2026-03-12,2026-03-12,1,0,0,0,0,1,Qualify,0.0
advertisinginquiry@ferguson.com,Ferguson HVAC Supply,crm,2026-03-02,2026-03-02,1,0,0,0,0,0,Qualify,0.0
mchampie@me.com,Max Champie,crm,2026-02-23,2026-02-23,1,0,0,0,0,1,Qualify,0.0
trevork@watersprout.org,Trevor Kroll's Quick Mount PV QMLC,crm,2026-02-19,2026-02-19,1,0,0,0,0,2,Qualify,0.0
lee@nzrr.net,Lee Gustafson,crm,2026-02-18,2026-02-18,1,0,0,0,0,1,Qualify,0.0
mike@kinner.com,Mike Kinner,crm,2026-02-18,2026-02-18,1,0,0,0,0,1,Qualify,0.0
ecaremy@aol.com,FLA Semi Truck & Trailer Repair,crm,2026-01-23,2026-01-23,1,0,0,0,0,0,Qualify,0.0
sales.globalelite@gmail.com,Miguel Carrasco,crm,2026-01-22,2026-01-22,1,0,0,0,0,1,Qualify,0.0
rickym@sunlightandpower.com,Sun Light & Power's SE1000,crm,2026-01-13,2026-01-13,1,0,0,0,0,1,Qualify,0.0
operaciones.prosermaq@gmail.com,Tibgrupo LLC's,crm,2025-10-07,2025-10-07,1,0,0,0,0,0,Qualify,0.0
test.rb2b@pessupplytest.com,Intercom: Solar panel quote,intercom,2026-07-27,2026-07-27,1,0,1,0,0,0,,0.0
leif@retrolux.com,Shopify Draft: #D1,,,,1,0,0,0,0,5,,0.0
etekin@mechatronsolar.com,Mechatron Solar,email,2026-08-07,2026-08-09,2,34,0,0,0,1,Qualify,0.0
kelsey.myers@bayware.com,Kelsey Myers,email,2026-08-06,2026-08-09,1,2,0,0,0,0,Qualify,0.0
nick.fiero@soligent.net,nick.fiero,email,2026-08-06,2026-08-09,1,33,0,0,0,0,Qualify,0.0
luis@fortuneenergy.net,Fortune Energy,email,2026-08-06,2026-08-09,2,52,0,0,0,0,Qualify,0.0
wholesalesalescoordinator@generac.com,wholesalesalescoordinator,email,2026-08-06,2026-08-09,1,18,0,0,0,0,Qualify,0.0
ecicora@enphaseenergy.com,"Enphase Energy, Inc.",crm,2026-08-09,2026-08-09,2,0,0,0,0,0,Qualify,0.0
ayesha@planktonenergy.com,Ayesha Bordiwala,email,2026-08-07,2026-08-09,1,34,0,0,0,0,Qualify,0.0
zara.martin@kaykayllc.com,zara.martin,email,2026-08-06,2026-08-09,3,68,0,0,0,1,Qualify,0.0
annie.lin@chintpower.com,Annie Lin,email,2026-08-06,2026-08-09,1,69,0,0,0,0,Qualify,0.0
dora.lin@byd.com,dora.lin,email,2026-08-05,2026-08-09,2,2,0,0,0,0,Qualify,0.0
anthony.dawood@eg4electronics.com,Anthony DaWood,crm,2026-08-09,2026-08-09,1,0,0,0,0,0,Qualify,0.0
kyli.mcdonald@cityelectricsupply.com,Kyli.Mcdonald@cityelectricsupply.com,email,2026-08-03,2026-08-09,1,27,0,0,0,0,Qualify,0.0
p.butterly@usa.krannichsolar.com,Paul Butterly,email,2026-08-06,2026-08-09,1,280,0,0,0,0,Qualify,0.0
stark.jonathan@basco.com,Basco,crm,2026-08-09,2026-08-09,2,0,0,0,0,0,Qualify,0.0
greensun27@greensunpv.com,GreenSun PV,crm,2026-08-09,2026-08-09,2,0,0,0,0,0,Qualify,0.0
john.stivers@daikincomfort.com,"Daikin Comfort Technologies North America, Inc.",crm,2026-08-09,2026-08-09,2,0,0,0,0,0,Qualify,0.0
josh@energyeconomics.ca,Energy Economics,crm,2026-08-06,2026-08-09,3,0,0,0,0,1,Qualify,0.0
glenn@ranchodeladama.com,Glenn Davis,crm,2026-08-09,2026-08-09,2,0,0,0,0,1,Qualify,0.0
info@fysensi.com,Fysensi,crm,2026-08-09,2026-08-09,1,0,0,0,0,0,Qualify,0.0
jordan.smith@firstsolar.com,Jordan Smith,crm,2026-08-09,2026-08-09,1,0,0,0,0,0,Qualify,0.0
stephen.roberts@ietok.com,Industrial Electric & Testing,crm,2026-07-28,2026-08-09,2,0,0,0,0,1,"Meet & Present,Qualify",0.0
ashley.stephens@chintpower.com,ashley.stephens,email,2026-08-06,2026-08-09,1,70,0,0,0,0,Qualify,0.0
judysun@qiyaomaterial.com,"Hangzhou Qiyao New Material Co., Ltd.",crm,2026-08-09,2026-08-09,1,0,0,0,0,0,Qualify,0.0
allison.dayton@bayware.com,Alli Dayton,crm,2026-08-09,2026-08-09,1,0,0,0,0,0,Qualify,0.0
raytahmasebi@hotmail.com,ray_tahmasebi,email,2026-08-07,2026-08-09,1,32,0,0,0,1,Qualify,0.0
rhelm@pesd92.org,Jefferson County Public Schools (PESD92),crm,2026-08-09,2026-08-09,1,0,0,0,0,1,Qualify,0.0
lilian@salvex.com,lilian,crm,2026-08-09,2026-08-09,1,4,0,0,0,0,Qualify,0.0
christian@enelnorthamericas.com,Enel North America,crm,2026-08-09,2026-08-09,1,0,0,0,0,0,Qualify,0.0
dj@northwestrenewables.com,Northwest Renewables,crm,2026-08-09,2026-08-09,1,0,0,0,0,1,Qualify,0.0
assistant@prolineelectric.com,Pro-Line Electric,email,2026-08-07,2026-08-09,1,1,0,0,0,0,Qualify,0.0
gwendolyn.weaver@ladwp.com,LADWP,crm,2026-08-09,2026-08-09,1,0,0,0,0,0,Qualify,0.0
esains89@live.com,Evan Sainsbury,crm,2026-08-09,2026-08-09,1,0,0,0,0,1,Qualify,0.0
marketing@namliong.com.tw,Nam Liong Global,crm,2026-08-09,2026-08-09,1,0,0,0,0,0,Qualify,0.0
adamstoddard@protonmail.com,Adamstoddard,crm,2026-08-09,2026-08-09,1,0,0,0,0,0,Qualify,0.0
ashley.doolin@kyfb.com,Kentucky Farm Bureau,email,2026-07-28,2026-08-09,1,12,0,0,0,0,Qualify,0.0
isabel.dai@astronergy.com,Astronergy Solar,email,2025-11-26,2026-08-09,1,6,0,0,0,0,Qualify,0.0
ifarag@faraglegal.com,Farag Legal,crm,2026-08-09,2026-08-09,1,0,0,0,0,0,Qualify,0.0
bbradford@mcmillanco.com,McMillan & Co,email,2026-08-06,2026-08-09,1,7,0,0,0,1,Qualify,0.0
jaraya@bordersandborders.com,Borders & Borders PLC,email,2026-08-06,2026-08-09,1,3,0,0,0,0,Qualify,0.0
amaxchang@yahoo.com,ANDREW CHANG,email,2026-08-06,2026-08-07,1,23,0,0,0,0,Qualify,0.0
ochsnerhealthsolarequipmentinquiryb2bvisitorscore68,"Ochsner Health — Solar/Equipment Inquiry (B2B Visitor, score 68)",crm,2026-08-05,2026-08-05,1,0,0,0,0,0,Qualify,0.0
utdallasb2bvisitorenrichment,UT Dallas — B2B Visitor Enrichment,crm,2026-08-05,2026-08-05,1,0,0,0,0,0,Qualify,0.0
resourcegenerationb2bvisitorenrichment,Resource Generation — B2B Visitor Enrichment,crm,2026-08-05,2026-08-05,1,0,0,0,0,0,Qualify,0.0
energyfuelsincb2bvisitorenrichment,Energy Fuels Inc — B2B Visitor Enrichment,crm,2026-08-05,2026-08-05,1,0,0,0,0,0,Qualify,0.0
chicalis@gmail.com,Fabiola Hernandez,crm,2026-08-05,2026-08-05,1,0,0,0,0,0,Meet & Present,0.0
b2bvisitorfordmotorcompanyscore100,B2B Visitor: Ford Motor Company (score 100),crm,2026-08-04,2026-08-04,1,0,0,0,0,0,Qualify,0.0
eg4flexboss18priceinquiryfortmyersflnoemail,EG4 FlexBOSS18 Price Inquiry — Fort Myers FL (no email),crm,2026-08-04,2026-08-04,1,0,0,0,0,0,Qualify,0.0
generatorpricinginquirylouisvillekynoemail,Generator Pricing Inquiry — Louisville KY (no email),crm,2026-08-04,2026-08-04,1,0,0,0,0,0,Qualify,0.0
wyounas@stellarwings.net,International Order — 6x Trojan L16G,intercom,2026-07-29,2026-08-04,1,0,1,0,0,0,Qualify,0.0
pes@abad.cc,Shipping Inquiry (abad.cc),intercom,2026-07-30,2026-08-04,1,0,1,0,0,0,Qualify,0.0
b2bvisitorthewaltdisneycompanyscore88,B2B Visitor: The Walt Disney Company (score 88),crm,2026-08-04,2026-08-04,1,0,0,0,0,0,Qualify,0.0
b2bvisitorcaterpillarinc.score118,B2B Visitor: Caterpillar Inc. (score 118),crm,2026-08-04,2026-08-04,1,0,0,0,0,0,Qualify,0.0
ryan@purdue.edu,Purdue University — B2B Visitor (score 128),crm,2026-08-03,2026-08-03,1,0,0,0,0,0,Propose,0.0
richard.gibson@sonoco.com,Sonoco Products Company — B2B Visitor (score 123),crm,2026-08-03,2026-08-03,1,0,0,0,0,0,Propose,0.0
kevin.millar@bannerhealth.com,Banner Health — B2B Visitor (score 113),crm,2026-08-03,2026-08-03,1,0,0,0,0,0,Propose,0.0
rob.roberson@nucor.com,Nucor Corporation — B2B Visitor (score 103),crm,2026-08-03,2026-08-03,1,0,0,0,0,0,Propose,0.0
b2bvisitorcherrycreekschooldistrictscore75,B2B Visitor: Cherry Creek School District (score 75),crm,2026-08-03,2026-08-03,1,0,0,0,0,0,Qualify,0.0
b2bvisitorstateofdelawarescore88,B2B Visitor: State of Delaware (score 88),crm,2026-08-03,2026-08-03,1,0,0,0,0,0,Qualify,0.0
b2bvisitorrapidweldingindustrialsuppliesscore92,B2B Visitor: Rapid Welding & Industrial Supplies (score 92),crm,2026-08-03,2026-08-03,1,0,0,0,0,0,Qualify,0.0
b2bvisitoratriumhealthscore85,B2B Visitor: Atrium Health (score 85),crm,2026-08-03,2026-08-03,1,0,0,0,0,0,Qualify,0.0
b2bvisitortempleuniversityscore88,B2B Visitor: Temple University (score 88),crm,2026-08-03,2026-08-03,1,0,0,0,0,0,Qualify,0.0
palcheco33@gmail.com,Sergio Manzo,crm,2026-08-03,2026-08-06,1,1,0,0,0,0,Meet & Present,0.0
b2bvisitorwakeforestuniversityscore75,B2B Visitor: Wake Forest University (score 75),crm,2026-08-03,2026-08-03,1,0,0,0,0,0,Qualify,0.0
b2bvisitorkaiserpermanentescore53,B2B Visitor: Kaiser Permanente (score 53),crm,2026-08-03,2026-08-03,1,0,0,0,0,0,Qualify,0.0
fmendoza@solaresystems.com,"Solar Energy Systems, LLC",crm,2026-08-03,2026-08-05,1,14,0,0,0,2,Meet & Present,0.0
pfitzsimmonspfitzsimmons@jetriseventures.com,Jetrise Ventures,crm,2026-07-29,2026-07-29,1,0,0,0,0,0,Qualify,0.0
quinto@gmail.com,Peter Quinto,crm,2026-07-28,2026-07-28,1,0,0,0,0,1,Qualify,0.0
microsoftazureazurenoreply@microsoft.com,Action recommended: Review Azure Copilot agent access settings before 1 August 2026,crm,2026-07-27,2026-07-27,1,0,0,0,0,0,Qualify,0.0
alchemysolardistributionsales@alchemysolardistribution.com,"Alchemy Solar Distribution, Inc",crm,2026-07-22,2026-07-22,1,0,0,0,0,0,Qualify,0.0
laybalayba@bsdyno.com,Layba Shahid,crm,2026-07-22,2026-07-22,1,0,0,0,0,0,Qualify,0.0
petrostsingelisstinger28425@gmail.com,Petros Tsingelis,crm,2026-07-22,2026-07-22,1,0,0,0,0,0,Qualify,0.0
mr.byazidmr.byazid@gmail.com,Mr. Byazid,crm,2026-07-22,2026-07-22,1,0,0,0,0,0,Qualify,0.0
pressrangerinfo@pressranger.com,Press Ranger,crm,2026-07-22,2026-07-22,1,0,0,0,0,0,Qualify,0.0
ebaypath321977member@ebay.com,Re: path_321977 sent a message about Schneider Context SW Solar Hybrid Inverter 230V 865,crm,2026-07-22,2026-07-22,1,0,0,0,0,0,Qualify,0.0
dudlakmatthewdudlak.matthew@fronius.com,Matthew Dudlak,crm,2026-07-22,2026-07-22,1,0,0,0,0,0,Qualify,0.0
machinestationsales@machinestation.us,MachineStation,crm,2026-07-22,2026-07-22,1,0,0,0,0,0,Qualify,0.0
alexalex@pes.supply,Alex alex@pes.supply,crm,2026-07-22,2026-07-22,1,0,0,0,0,0,Qualify,0.0
stellavolta.comcontactus@stellavolta.com,STELLAVOLTA LLC,crm,2026-07-22,2026-07-22,1,0,0,0,0,0,Qualify,0.0
upspkginfo@ups.com,UPS Update: Package Delivered,crm,2026-07-22,2026-07-22,1,0,0,0,0,0,Qualify,0.0
ebayebay@reply.ebay.com,Make your Valentine swoon 🥰,crm,2026-07-22,2026-07-22,1,0,0,0,0,0,Qualify,0.0
sahilthakursahil.thakur@pes.supply,Sahil Thakur,crm,2026-07-22,2026-07-22,1,0,0,0,0,0,Qualify,0.0
klaviyomarketingresponses@klaviyo.com,Klaviyo Community,crm,2026-07-22,2026-07-22,1,0,0,0,0,0,Qualify,0.0
timjoycetim.joyce@cccpconsultingllc.com,Tim Joyce,crm,2026-07-22,2026-07-22,1,0,0,0,0,0,Qualify,0.0
canvanoreply@account.canva.com,Canva,crm,2026-07-22,2026-07-22,1,0,0,0,0,0,Qualify,0.0
solarflexioninfo@solarflexion.com,Info,crm,2026-07-22,2026-07-22,1,0,0,0,0,0,Qualify,0.0
martinezrubicelrubicel.martinez@nexteraenergy.com,Next Era Energy,crm,2026-07-22,2026-07-22,1,0,0,0,0,0,Qualify,0.0
trackabinotificationsnoreply@trackabi.com,Email confirmation for Trackabi,crm,2026-07-22,2026-07-22,1,0,0,0,0,0,Qualify,0.0
aizazkhanaizaz@pes.supply,Aizaz,crm,2026-07-22,2026-07-22,1,0,0,0,0,0,Qualify,0.0
klaviyonoreply@klaviyo.com,Klaviyo,crm,2026-07-22,2026-07-22,1,0,0,0,0,0,Qualify,0.0
anthropicpbcinvoicestatements@mail.anthropic.com,PBC Anthropic,crm,2026-07-22,2026-07-22,1,0,0,0,0,0,Qualify,0.0
klaviyoincfailedpayments3mfik84t3nm5kqk4llcmygaaeepvhmcm@stripe.com,Klaviyo Inc,crm,2026-07-22,2026-07-22,1,0,0,0,0,0,Qualify,0.0
anthropicpbcfailedpayments@mail.anthropic.com,PBC Anthropic,crm,2026-07-22,2026-07-22,1,0,0,0,0,0,Qualify,0.0
portlandiaelectricsupplyllcnotifications@portlandiaelectric.supply,Diamond Properties,crm,2026-07-22,2026-07-22,1,0,0,0,0,0,Qualify,0.0
jetpacksupport@jetpack.com,Jetpack,crm,2026-07-22,2026-07-22,1,0,0,0,0,0,Qualify,0.0
spectrummyaccount@spectrumemails.com,Thank You for Your Payment,crm,2026-07-22,2026-07-22,1,0,0,0,0,0,Qualify,0.0
alexcassillyalex@cassilly.capital,Alex Cassilly,crm,2026-07-22,2026-07-22,1,0,0,0,0,0,Qualify,0.0
getgreenleadsnewslettergetgreenleads@mail.beehiiv.com,Get Newsletter,crm,2026-07-22,2026-07-22,1,0,0,0,0,0,Qualify,0.0
tanyahahntanya@pes.supply,Canceled: Vendor Meeting,crm,2026-07-22,2026-07-22,1,0,0,0,0,0,Qualify,0.0
billnolanbnolan@goagilix.com,"Agilix Solutions, LLC",crm,2026-07-22,2026-07-22,1,0,0,0,0,0,Qualify,0.0
yelpforbusinessbusiness@yelp.com,Last day to redeem your $300 credit,crm,2026-07-22,2026-07-22,1,0,0,0,0,0,Qualify,0.0
balendrasinghinteamsnoreply@teams.mail.microsoft,Asharab Teams,crm,2026-07-22,2026-07-22,1,0,0,0,0,0,Qualify,0.0
bittitanmigrationwizbittitannews@bittitan.com,BitTitan MigrationWiz,crm,2026-07-22,2026-07-22,1,0,0,0,0,0,Qualify,0.0
appsumosupport@appsumo.com,AppSumo,crm,2026-07-22,2026-07-22,1,0,0,0,0,0,Qualify,0.0
rimshasoomrorimsha@bsdyno.com,Rimsha Soomro,crm,2026-07-22,2026-07-22,1,0,0,0,0,0,Qualify,0.0
ebayebay@ebay.com,38 Solar Panels For Sale! is almost yours,crm,2026-07-22,2026-07-22,1,0,0,0,0,0,Qualify,0.0
paulbutterlyp.butterly@usa.krannichsolar.com,"Krannich Solar East, LLC",crm,2025-08-29,2026-07-22,2,0,0,0,0,0,Qualify,0.0
angelrodriguezarodriguez@nancegc.com,Angel Rodriguez,crm,2026-07-22,2026-07-22,1,0,0,0,0,0,Qualify,0.0
peter@invertersupply.com,Peter S,crm,2026-07-22,2026-08-06,2,7,0,0,0,0,Qualify,0.0
invertersupplysupport@invertersupply.com,Inverter Supply,crm,2026-07-22,2026-07-22,1,0,0,0,0,0,Qualify,0.0
janysales1@starworldtech.com,Re: Portlandia Electric Supply LLC Order (Ref P01017),crm,2026-07-22,2026-07-22,1,0,0,0,0,0,Qualify,0.0
ladwpifb145457,LADWP IFB 145457,crm,2026-07-21,2026-07-21,1,0,0,0,0,0,Qualify,0.0
info@sunrevco.com,"SUNREV, INC.",crm,2026-02-24,2026-02-24,1,0,0,0,0,0,Qualify,0.0
jonathanwaldronsschneiderconextxw,Jonathan Waldron's  Schneider Conext XW,crm,2026-02-20,2026-02-20,1,0,0,0,0,0,Qualify,0.0
joseph.celona@outlook.com,Joseph Celona,crm,2026-02-12,2026-02-12,1,0,0,0,0,1,Qualify,0.0
nryder@fireriskalliance.com,Noah Ryder,crm,2026-01-08,2026-01-08,1,0,0,0,0,0,Qualify,0.0
adityasharmasales33@gautamsolar.us,Aditya Sharma,crm,2025-12-29,2025-12-29,1,0,0,0,0,0,Qualify,0.0
sophiastarworldsales4@starworldtech.com,Re: Re: Availability and Lead Time Inquiry for Trina Vertex S+ 445W Panels (Two Pallets),crm,2025-12-29,2025-12-29,1,0,0,0,0,0,Qualify,0.0
sahil.thakur@pes.supply,Sahil Thakur,crm,2025-12-29,2025-12-29,1,0,0,0,0,0,Qualify,0.0
hykoontstore54908322029@g.shopifyemail.com,HYKOONT,crm,2025-12-29,2025-12-29,1,0,0,0,0,0,Qualify,0.0
mercuryhello@mercury.com,Mercury,crm,2025-12-29,2025-12-29,1,0,0,0,0,0,Qualify,0.0
salesforceeinsteinactivitycapturenoreply@salesforce.com,Salesforce Capture,crm,2025-12-29,2025-12-29,1,0,0,0,0,0,Qualify,0.0
ecodirect.cominfo@ecodirect.com,EcoDirect.com,crm,2025-12-29,2025-12-29,1,0,0,0,0,0,Qualify,0.0
honeywellhoneywellnews@honeywell.com,Honeywell,crm,2025-12-29,2025-12-29,1,0,0,0,0,0,Qualify,0.0
johnfitzgeraldweaverjohn@commercialsolarguy.com,Commercial Solar Guy,crm,2025-12-29,2025-12-29,1,0,0,0,0,0,Qualify,0.0
pesallall@portlandiaelectric.supply,Re: [EXT] Re: Portlandia Electric Supply LLC Quotation (Ref S00748),crm,2025-12-29,2025-12-29,1,0,0,0,0,0,Qualify,0.0
themegawattgroupmelissa.bockmegawattgroup.com@shared1.ccsend.com,Spares to Reinforce Older Solar Arrays!,crm,2025-12-29,2025-12-29,1,0,0,0,0,0,Qualify,0.0
renvuorder@renvu.com,RENVU,crm,2025-12-29,2025-12-29,1,0,0,0,0,0,Qualify,0.0
salesforcetechcomms@mail.salesforce.com,Salesforce,crm,2025-12-29,2025-12-29,1,0,0,0,0,0,Qualify,0.0
service@paypal.comservice@paypal.com,We’ve paused some of your account features,crm,2025-12-29,2025-12-29,1,0,0,0,0,0,Qualify,0.0
maryammaryam@portlandiaelectric.supply,Maryam,crm,2025-12-29,2025-12-29,1,0,0,0,0,0,Qualify,0.0
aqsairfanaqsa.irfan@portlandiaelectric.supply,Aqsa Irfan,crm,2025-12-29,2025-12-29,1,0,0,0,0,0,Qualify,0.0
umersiddiquiumer.siddiqui@sunhub.com,Re: Portlandia Electric Supply LLC Order (Ref P00098),crm,2025-12-29,2025-12-29,1,0,0,0,0,0,Qualify,0.0
byzidbostamebyzid.bostame@portlandiaelectric.supply,Byzid Bostame,crm,2025-12-29,2025-12-29,1,0,0,0,0,0,Qualify,0.0
lilylily@thornovasolar.com,RE+ Las Vegas Meeting request__Thornova solar_FEOC compliance suppliers.,crm,2025-12-29,2025-12-29,1,0,0,0,0,0,Qualify,0.0
frankfengfrank.feng@runergy.com,Portlandia electric / Runergy Catch up,crm,2025-12-29,2025-12-29,1,0,0,0,0,0,Qualify,0.0
europeanclient,European Client,crm,2025-10-16,2025-10-16,1,0,0,0,0,0,Qualify,0.0
eddiefromgreenmansolareromelus@gogreenmansolar.com,Go Greenman Solar,crm,2025-09-27,2025-09-27,1,0,0,0,0,0,Qualify,0.0
henryvaldiviahvaldivia@dpmgt.com,Henry Valdivia,crm,2025-09-27,2025-09-27,1,0,0,0,0,0,Qualify,0.0
billmersealbill.merseal@foxess.com,Bill Merseal,crm,2025-09-27,2025-09-27,1,0,0,0,0,0,Qualify,0.0
guidedpathsolarjqueener@guidedpathsolar.com,Joseph Queener,crm,2025-08-29,2025-09-20,2,0,0,0,0,0,Qualify,0.0
hanirazohani.razo@portlandiaelectric.supply,Hani.Razo,crm,2025-09-20,2025-09-20,1,0,0,0,0,0,Qualify,0.0
darianndioriodariann.diorio@signaturesolar.com,Signature Solar LLC,crm,2025-08-29,2025-09-20,2,0,0,0,0,0,Qualify,0.0
luisfortuneenergy.netluis@fortuneenergy.net,Fortune Energy,crm,2025-09-20,2025-09-20,1,0,0,0,0,0,Qualify,0.0
amitpathaniaamit.pathania@portlandiaelectric.supply,Amit Pathania,crm,2025-08-29,2025-09-20,2,0,0,0,0,0,Qualify,0.0
kyledelaneyk.delaney@usa.krannichsolar.com,Kyle Delaney,crm,2025-09-20,2025-09-20,1,0,0,0,0,0,Qualify,0.0
bagenchristinatssachristina.bagen@trinasolar.com,Re: Data Sheet and PAN files,crm,2025-09-05,2025-09-05,1,0,0,0,0,0,Qualify,0.0
alexcassillyalex@portlandiaelectric.supply,Alex Cassilly,crm,2025-08-29,2025-09-05,2,0,0,0,0,0,Qualify,0.0
sushilsushil@portlandiaelectric.supply,Re: Portlandia Electric Supply sent you a new invoice,crm,2025-08-29,2025-09-05,2,0,0,0,0,0,Qualify,0.0
mattpowellmatt@portlandiaelectric.supply,Matthew Powell,crm,2025-08-29,2025-09-03,2,0,0,0,0,0,Qualify,0.0
tanyahahntanya@portlandiaelectric.supply,Re:  RFQ — Canadian CS6.1,crm,2025-08-29,2025-09-03,2,0,0,0,0,0,Qualify,0.0
harrisonbuckharrison.buck@suppliedenergy.com,SO9482,crm,2025-08-29,2025-08-29,1,0,0,0,0,0,Qualify,0.0
kamienelsonknelson@solarflexion.com,Solar Flexion,crm,2025-08-29,2025-08-29,1,0,0,0,0,0,Qualify,0.0
colleenkarpaccolleen@portlandiaelectric.supply,Colleen Karpac,crm,2025-08-29,2025-08-29,1,0,0,0,0,0,Qualify,0.0
narasimharaoyaddanapudinarasimha@portlandiaelectric.supply,Sales Order → RFQ Workflow Completed in Odoo,crm,2025-08-29,2025-08-29,1,0,0,0,0,0,Qualify,0.0
clevon@cleanpowerstore.com,Clevon Teesdale,crm,2025-08-06,2025-08-21,2,0,0,0,0,0,"Propose,Qualify",0.0
divtechservices@yahoo.com,Brian Barnett,crm,2025-08-19,2025-08-19,1,0,0,0,0,1,Qualify,0.0
luvnailz@gmail.com,Jessica Briarmoon,crm,2025-08-19,2025-08-19,1,0,0,0,0,2,Qualify,0.0
magicman71292@gmail.com,Dwayne Funderburg,crm,2025-08-19,2025-08-19,1,0,0,0,0,1,Qualify,0.0
n6024s@gmail.com,Bill Powell,crm,2025-08-19,2025-08-19,1,0,0,0,0,1,Qualify,0.0
marcellinareis@gmail.com,Marcellina Reis,crm,2025-08-19,2025-08-19,1,0,0,0,0,1,Qualify,0.0
rauchholzresidencesopportunity,RAUCHHOLZ RESIDENCE's opportunity,crm,2025-08-18,2025-08-18,1,0,0,0,0,0,Qualify,0.0
jonwall@verizon.net,JON Wall,crm,2025-08-15,2025-08-15,1,0,0,0,0,1,Qualify,0.0
jeffc@oesolarnm.com,Osceola Energy Dba OE Solar,crm,2025-08-15,2025-08-15,1,0,0,0,0,2,Qualify,0.0
bhumme@comcast.net,Rodota Trucking,crm,2025-08-14,2025-08-14,1,0,0,0,0,1,Qualify,0.0
nemer@geneforcepower.com,Geneforce Incorporated,crm,2025-08-14,2025-08-14,1,0,0,0,0,1,Qualify,0.0
eopc2006@hotmail.com,Edwin Pagan,crm,2025-08-14,2025-08-14,1,0,0,0,0,1,Qualify,0.0
gbernal@powerplus.com,Gabriel Bernal,crm,2025-08-14,2025-08-14,1,0,0,0,0,1,Qualify,0.0
ksafi@vastglobelogistics.com,Kamran Safi,crm,2025-08-13,2025-08-13,1,0,0,0,0,0,Qualify,0.0
wichitakansas67720,"Wichita, Kansas 67720",crm,2025-08-12,2025-08-12,1,0,0,0,0,0,Propose,0.0
residencewichitakansas67720,"Residence Wichita, Kansas 67720",crm,2025-08-12,2025-08-12,1,0,0,0,0,0,Propose,0.0
sohel56927262@gmail.com,SMA Solar Sunny Tripower 50k CORE1,crm,2025-08-11,2025-08-11,1,0,0,0,0,1,Qualify,0.0
nichole.koontz@kinectsolar.com,Nichole Koontz,crm,2025-08-11,2025-08-11,1,0,0,0,0,0,Closed Lost,0.0
randyheck@pbrcontracting.com,PBR Contracting,crm,2025-08-10,2025-08-10,1,0,0,0,0,1,Propose,0.0
solar@goldelectricinc.com,Jessica Markus,crm,2025-08-08,2025-08-08,1,0,0,0,0,1,Propose,0.0
mtaysonfrederick@outrider.ai,Mallory Tayson-Frederick,crm,2025-08-07,2025-08-07,1,0,0,0,0,1,Qualify,0.0
rick.bolton@compass.energy,21C dba Compass Energy,crm,2025-08-06,2025-08-06,1,0,0,0,0,0,Qualify,0.0
hafiztestsopportunity,hafiz test's opportunity,crm,2025-08-06,2025-08-06,1,0,0,0,0,0,Qualify,0.0
1sourcesolar,1 Source Solar,crm,2025-08-03,2025-08-03,1,0,0,0,0,0,Closed Won,0.0
nedesllc,Nedes LLC,crm,2025-08-03,2025-08-03,1,0,0,0,0,0,Closed Won,0.0
electricraftinc,Electricraft Inc,crm,2025-08-03,2025-08-03,1,0,0,0,0,0,Closed Won,0.0
enph3tcoverbattery,Enph 3T + Cover + Battery,crm,2025-08-03,2025-08-03,1,0,0,0,0,0,Closed Won,0.0
autozone,Autozone,crm,2025-08-03,2025-08-03,1,0,0,0,0,0,Closed Won,0.0
dorodo,DoRodo,crm,2025-08-03,2025-08-03,1,0,0,0,0,0,Closed Won,0.0
diamondenterprise,Diamond Enterprise,crm,2025-08-03,2025-08-03,1,0,0,0,0,0,Closed Lost,0.0
22kwchampuionatsw200amp,22KW Champuion ATS w/200 Amp,crm,2025-08-03,2025-08-03,1,0,0,0,0,0,Closed Won,0.0
indianapolisznshinepanels,Indianapolis ZNShine Panels,crm,2025-08-03,2025-08-03,1,0,0,0,0,0,Closed Lost,0.0
solarenergysolutions,Solar Energy Solutions,crm,2025-08-03,2025-08-03,1,0,0,0,0,0,Closed Lost,0.0
smasunnyboy7.7,SMA Sunny Boy 7.7,crm,2025-08-03,2025-08-03,1,0,0,0,0,0,Closed Lost,0.0
qm,QM,crm,2025-08-03,2025-08-03,1,0,0,0,0,0,Closed Won,0.0
victronbat,Victron BAT,crm,2025-08-03,2025-08-03,1,0,0,0,0,0,Closed Lost,0.0
aptosdna120440wallblackbradyhutchinson,Aptos DNA 120 440w all black (Brady Hutchinson),crm,2025-08-03,2025-08-03,1,0,0,0,0,0,Closed Won,0.0
scottnohwoo65493,Scott Noh Woo65493,crm,2025-08-03,2025-08-03,1,0,0,0,0,0,Closed Won,0.0
stablesolar,Stable Solar,crm,2025-08-03,2025-08-03,1,0,0,0,0,0,Closed Won,0.0
grayducksolar,Gray Duck Solar,crm,2025-08-03,2025-08-03,1,0,0,0,0,0,Closed Won,0.0
earthwaverenewables,Earthwave Renewables,crm,2025-08-03,2025-08-03,1,0,0,0,0,0,Closed Lost,0.0
scenichillsolar,Scenic Hill Solar,crm,2025-08-03,2025-08-03,1,0,0,0,0,0,Closed Won,0.0
websitesale,Website Sale,crm,2025-08-03,2025-08-03,2,0,0,0,0,0,Closed Won,0.0
gcsolar,GC Solar,crm,2025-08-03,2025-08-03,1,0,0,0,0,0,Closed Lost,0.0
projectteleconllc,Project Telecon LLC,crm,2025-08-03,2025-08-03,1,0,0,0,0,0,Closed Lost,0.0
sparkyelectricandsolar,Sparky Electric And Solar,crm,2025-08-03,2025-08-03,1,0,0,0,0,0,Closed Won,0.0
ironridgebx10,Iron Ridge BX10,crm,2025-08-03,2025-08-03,1,0,0,0,0,0,Closed Lost,0.0
smacontollerrepalcement,SMA Contoller Repalcement,crm,2025-08-03,2025-08-03,1,0,0,0,0,0,Closed Won,0.0
completesolar,Complete Solar,crm,2025-08-03,2025-08-03,1,0,0,0,0,0,Closed Lost,0.0
chrisopherheagney,Chrisopher Heagney,crm,2025-08-03,2025-08-03,1,0,0,0,0,0,Closed Lost,0.0
ure445w,URE 445W,crm,2025-08-03,2025-08-03,1,0,0,0,0,0,Closed Lost,0.0
solarunlimited,Solar Unlimited,crm,2025-08-03,2025-08-03,1,0,0,0,0,0,Closed Lost,0.0
seaktlchint,SEA KTL Chint,crm,2025-08-03,2025-08-03,1,0,0,0,0,0,Closed Lost,0.0
muhammadeleem,Muhammad Eleem,crm,2025-08-03,2025-08-03,1,0,0,0,0,0,Closed Lost,0.0
360electric,360 Electric,crm,2025-08-03,2025-08-03,1,0,0,0,0,0,Closed Lost,0.0
residentialdiy,Residential DIY,crm,2025-08-03,2025-08-03,1,0,0,0,0,0,Closed Won,0.0
enphasebattery,Enphase Battery,crm,2025-08-03,2025-08-03,1,0,0,0,0,0,Closed Lost,0.0
customswitchgear,Custom Switchgear,crm,2025-08-03,2025-08-03,1,0,0,0,0,0,Closed Lost,0.0
solectric,Solectric,crm,2025-08-03,2025-08-03,1,0,0,0,0,0,Closed Lost,0.0
esteyelectric,Estey Electric,crm,2025-08-03,2025-08-03,1,0,0,0,0,0,Closed Lost,0.0
paulvargovich,Paul Vargovich,crm,2025-08-03,2025-08-03,1,0,0,0,0,0,Closed Lost,0.0
cochisetechdevelopment,Cochise Tech & Development,crm,2025-08-03,2025-08-03,1,0,0,0,0,0,Closed Lost,0.0
alicelink,Alice Link,crm,2025-08-03,2025-08-03,1,0,0,0,0,0,Closed Lost,0.0
rackingflashinginny,Racking/flashing in NY,crm,2025-08-03,2025-08-03,1,0,0,0,0,0,Closed Lost,0.0
solarcell,solar cell,crm,2025-08-03,2025-08-03,1,0,0,0,0,0,Closed Lost,0.0
lehighsolar,Lehigh Solar,crm,2025-08-03,2025-08-03,1,0,0,0,0,0,Closed Lost,0.0
doctorsolarllc,Doctor Solar LLC,crm,2025-08-03,2025-08-03,1,0,0,0,0,0,Closed Lost,0.0
educationaltestingservicesopportunity,Educational Testing Service's opportunity,crm,2025-08-03,2025-08-03,1,0,0,0,0,0,Qualify,0.0
test@gamil.com,test test,shopify,2025-09-15,2025-09-15,0,0,0,1,0,0,,0.0
maniramola111@gmail.com,Demo Order,shopify,2025-08-26,2025-08-26,0,0,0,1,0,0,,0.0
hoodbailey85@gmail.com,Bailey Hood,shopify,2025-08-19,2025-08-19,0,0,0,3,0,0,,0.0
napier,napier,shopify,2025-07-08,2025-07-08,0,0,0,1,0,0,,0.0
white,White,shopify,2025-07-05,2025-07-05,0,0,0,1,0,0,,0.0
alexcassilly,Alex Cassilly,shopify,2025-07-01,2025-07-01,0,0,0,1,0,0,,0.0
notifications@github.com,notifications,email,2026-08-02,2026-08-02,0,417,0,0,0,0,,0.0
ciactivity@noreply.github.com,ci_activity,email,2026-08-02,2026-08-02,0,415,0,0,0,0,,0.0
office365alerts@microsoft.com,office365alerts,email,2026-03-11,2026-03-11,0,368,0,0,0,0,,0.0
hello@mercury.com,hello,email,2026-07-26,2026-07-26,0,234,0,0,0,0,,0.0
rivenbusiness@noreply.github.com,riven-business,email,2026-08-03,2026-08-03,0,222,0,0,0,0,,0.0
chris.hall@cummins.com,chris.hall,email,2026-08-07,2026-08-07,0,142,0,0,0,0,,0.0
ersp@ladwp.com,ersp,email,2026-08-06,2026-08-06,0,134,0,0,0,0,,0.0
team@mail.perplexity.ai,team,email,2026-07-25,2026-07-25,0,121,0,0,0,0,,0.0
caleb.short@signaturesolar.com,caleb.short,email,2026-08-07,2026-08-07,0,111,0,0,0,0,,0.0
consumerdealersupport@cummins.com,consumerdealersupport,email,2026-08-07,2026-08-07,0,86,0,0,0,0,,0.0
ryan.hunt@wwex.com,ryan.hunt,email,2026-07-31,2026-07-31,0,84,0,0,0,0,,0.0
midwestltl@globaltranz.com,midwestltl,email,2026-07-31,2026-07-31,0,62,0,0,0,0,,0.0
rivenweb@noreply.github.com,riven-web,email,2026-08-09,2026-08-09,0,60,0,0,0,0,,0.0
accounting@americandebrisbox.com,accounting,email,2026-08-06,2026-08-06,0,49,0,0,0,0,,0.0
rick.khan@kaykayllc.com,rick.khan,email,2026-08-06,2026-08-06,0,44,0,0,0,0,,0.0
kaucoin@pearceworldwide.com,kaucoin,email,2026-08-07,2026-08-07,0,44,0,0,0,0,,0.0
acassilly@pearceworldwide.com,acassilly,email,2026-08-07,2026-08-07,0,44,0,0,0,0,,0.0
support@perplexity.ai,support,email,2026-07-28,2026-07-28,0,40,0,0,0,0,,0.0
noreply@teams.mail.microsoft,no-reply,email,2026-07-31,2026-07-31,0,39,0,0,0,0,,0.0
portlandiaelectricsupply@gmail.com,portlandiaelectricsupply,email,2026-06-14,2026-06-14,0,38,0,0,0,0,,0.0
mike.kelly@chintpower.com,mike.kelly,email,2026-08-06,2026-08-06,0,35,0,0,0,0,,0.0
pesodooerpinfrastructure@noreply.github.com,pes-odoo-erp-infrastructure,email,2026-08-09,2026-08-09,0,34,0,0,0,0,,0.0
mehul@planktonenergy.com,mehul,email,2026-08-07,2026-08-07,0,34,0,0,0,2,,0.0
noreply@mail.authorize.net,noreply,email,2026-07-28,2026-07-28,0,32,0,0,0,0,,0.0
amandag@sourcedright.com,amandag,email,2026-08-06,2026-08-06,0,31,0,0,0,1,,0.0
samy.nashabe@gmail.com,samy.nashabe,email,2026-07-30,2026-07-30,0,31,0,0,0,0,,0.0
rivencommercesource@noreply.github.com,riven-commerce-source,email,2026-08-09,2026-08-09,0,31,0,0,0,0,,0.0
feedback@email.alibaba.com,feedback,email,2026-08-06,2026-08-06,0,30,0,0,0,0,,0.0
zoro@e.zoro.com,zoro,email,2026-08-07,2026-08-07,0,30,0,0,0,0,,0.0
kaustubh@ecojiva.com,kaustubh,email,2026-08-07,2026-08-07,0,30,0,0,0,0,,0.0
lrecalde@mechatronsolar.com,lrecalde,email,2026-08-07,2026-08-07,0,29,0,0,0,0,,0.0
dstuckey@mechatronsolar.com,dstuckey,email,2026-08-07,2026-08-07,0,29,0,0,0,0,,0.0
sagar@perplexity.ai,sagar,email,2026-08-04,2026-08-04,0,28,0,0,0,0,,0.0
andrea.cooks@soligent.net,andrea.cooks,email,2026-08-06,2026-08-06,0,28,0,0,0,0,,0.0
michael.s.garcia@cityelectricsupply.com,michael.s.garcia,email,2026-08-03,2026-08-03,0,27,0,0,0,0,,0.0
lelizaga@falveyins.com,lelizaga,email,2026-08-07,2026-08-07,0,25,0,0,0,0,,0.0
office365reports@microsoft.com,office365reports,email,2026-08-07,2026-08-07,0,25,0,0,0,0,,0.0
service@triforceenergy.com,service,email,2026-08-07,2026-08-07,0,23,0,0,0,0,,0.0
tmacquiddy@wicksroofingandsolar.com,tmacquiddy,email,2026-08-07,2026-08-07,0,23,0,0,0,1,,0.0
info@fortuneenergy.net,info,email,2025-11-25,2025-11-25,0,21,0,0,0,0,,0.0
businessservices@globaltranz.com,businessservices,email,2026-08-07,2026-08-07,0,21,0,0,0,0,,0.0
microsoftnoreply@microsoft.com,microsoft-noreply,email,2026-03-15,2026-03-15,0,20,0,0,0,0,,0.0
hello@thesolarstore.com,hello,email,2025-11-22,2025-11-22,0,20,0,0,0,0,,0.0
rivenflowsource@noreply.github.com,riven-flow-source,email,2026-08-09,2026-08-09,0,18,0,0,0,0,,0.0
noreply@bidnet.com,noreply,email,2026-08-07,2026-08-07,0,17,0,0,0,0,,0.0
nuk73@nuukopower.com,nuk73,email,2026-08-07,2026-08-07,0,17,0,0,0,0,,0.0
mailer@shopify.com,mailer,email,2026-08-06,2026-08-06,0,17,0,0,0,0,,0.0
rivenplatform@noreply.github.com,riven-platform,email,2026-08-02,2026-08-02,0,16,0,0,0,0,,0.0
rivensearchsource@noreply.github.com,riven-search-source,email,2026-08-09,2026-08-09,0,16,0,0,0,0,,0.0
scnoreply@google.com,sc-noreply,email,2026-08-06,2026-08-06,0,16,0,0,0,0,,0.0
noreply@wise.com,noreply,email,2026-07-29,2026-07-29,0,14,0,0,0,0,,0.0
dasong10@hotmail.com,dasong10,email,2026-08-08,2026-08-08,0,13,0,0,0,0,,0.0
mike@diamondenterprise.org,mike,email,2026-08-08,2026-08-08,0,13,0,0,0,1,,0.0
hotpellets@outlook.com,hotpellets,email,2026-08-08,2026-08-08,0,13,0,0,0,0,,0.0
jmyatt334@gmail.com,jmyatt334,email,2026-08-07,2026-08-07,0,13,0,0,0,0,,0.0
fernandom@solwel.com,fernandom,email,2025-12-04,2025-12-04,0,13,0,0,0,0,,0.0
hvaldivia@dpmgt.com,hvaldivia,email,2026-08-07,2026-08-07,0,13,0,0,0,0,,0.0
jra@dorodo.net,jra,email,2026-08-08,2026-08-08,0,12,0,0,0,0,,0.0
info@prioritytradelines.com,info,email,2026-08-09,2026-08-09,0,12,0,0,0,0,,0.0
clobasso@solaresystems.com,clobasso,email,2026-08-07,2026-08-07,0,12,0,0,0,0,,0.0
jgray@solaresystems.com,jgray,email,2026-08-07,2026-08-07,0,12,0,0,0,0,,0.0
cpatak@solaresystems.com,cpatak,email,2026-08-07,2026-08-07,0,12,0,0,0,0,,0.0
mgroh@solaresystems.com,mgroh,email,2026-08-07,2026-08-07,0,12,0,0,0,0,,0.0
msftpc@microsoft.com,msftpc,email,2026-05-28,2026-05-28,0,12,0,0,0,0,,0.0
asoberanes@qmgllc.com,asoberanes,email,2026-08-05,2026-08-05,0,11,0,0,0,0,,0.0
alee@solarvion.com,alee,email,2026-08-07,2026-08-07,0,11,0,0,0,0,,0.0
inceptionprogram@nvidia.com,inceptionprogram,email,2026-07-25,2026-07-25,0,11,0,0,0,0,,0.0
yan@solwel.com,yan,email,2025-12-04,2025-12-04,0,11,0,0,0,0,,0.0
tonyl@solwel.com,tonyl,email,2025-12-04,2025-12-04,0,11,0,0,0,0,,0.0
jason@businessbroker.net,jason,email,2026-07-28,2026-07-28,0,10,0,0,0,0,,0.0
notifications@stripe.com,notifications,email,2026-08-05,2026-08-05,0,10,0,0,0,0,,0.0
chrissy@qmgllc.com,chrissy,email,2026-08-05,2026-08-05,0,10,0,0,0,0,,0.0
rivenmarketsource@noreply.github.com,riven-market-source,email,2026-08-09,2026-08-09,0,10,0,0,0,0,,0.0
shop@email.stackcommerce.com,shop,email,2026-08-07,2026-08-07,0,10,0,0,0,0,,0.0
kyle@solwel.com,kyle,email,2025-12-04,2025-12-04,0,10,0,0,0,0,,0.0
gevers@fqplumbing.com,gevers,email,2026-08-03,2026-08-03,0,9,0,0,0,1,,0.0
brennan.keller@perplexity.ai,brennan.keller,email,2026-07-31,2026-07-31,0,9,0,0,0,0,,0.0
filings@delawareinc.com,filings,email,2026-08-09,2026-08-09,0,9,0,0,0,0,,0.0
support@letterstream.com,support,email,2026-08-09,2026-08-09,0,8,0,0,0,0,,0.0
website@huggingface.co,website,email,2026-08-09,2026-08-09,0,8,0,0,0,0,,0.0
tmofficialnotices@uspto.gov,tmofficialnotices,email,2026-08-09,2026-08-09,0,8,0,0,0,0,,0.0
noreply@accounts.google.com,no-reply,email,2026-08-09,2026-08-09,0,8,0,0,0,0,,0.0
connect@group.waaree.com,connect,email,2026-08-07,2026-08-07,0,8,0,0,0,0,,0.0
pkrebs@bordersandborders.com,pkrebs,email,2026-08-06,2026-08-06,0,8,0,0,0,0,,0.0
storenews@amazon.com,store-news,email,2026-08-07,2026-08-07,0,7,0,0,0,0,,0.0
noreplyappsscriptsnotifications@google.com,noreply-apps-scripts-notifications,email,2026-08-05,2026-08-05,0,7,0,0,0,0,,0.0
jdonahugh@suncapitalfundings.com,jdonahugh,email,2026-08-06,2026-08-06,0,7,0,0,0,0,,0.0
supportusa@waaree.com,supportusa,email,2026-08-07,2026-08-07,0,7,0,0,0,0,,0.0
solarteam@mcmillanco.com,solarteam,email,2026-08-06,2026-08-06,0,7,0,0,0,0,,0.0
hhakim@mcmillanco.com,hhakim,email,2026-08-06,2026-08-06,0,7,0,0,0,0,,0.0
pbradford@mcmillanco.com,pbradford,email,2026-08-06,2026-08-06,0,7,0,0,0,0,,0.0
office@prolineelectric.com,office,email,2026-08-07,2026-08-07,0,7,0,0,0,0,,0.0
carolyn.huang@atesspower.com,carolyn.huang,email,2026-08-07,2026-08-07,0,7,0,0,0,0,,0.0
ilija@snitcher.com,ilija,email,2026-07-28,2026-07-28,0,7,0,0,0,0,,0.0
noreply@info.gusto.com,no-reply,email,2026-07-14,2026-07-14,0,6,0,0,0,0,,0.0
derick.huang@astronergy.com,derick.huang,email,2025-11-26,2025-11-26,0,6,0,0,0,0,,0.0
bruce.zhu@astronergy.com,bruce.zhu,email,2025-11-26,2025-11-26,0,6,0,0,0,0,,0.0
costco@digital.costco.com,costco,email,2026-08-07,2026-08-07,0,6,0,0,0,0,,0.0
moregarciavanesaa@gmail.com,moregarciavanesaa,email,2026-08-09,2026-08-09,0,6,0,0,0,0,,0.0
mbonelli@02.energy,mbonelli,email,2026-08-08,2026-08-08,0,5,0,0,0,1,,0.0
greg@stablesolar.com,greg,email,2026-08-08,2026-08-08,0,5,0,0,0,0,,0.0
bryson@sunnycapitalinc.com,bryson,email,2026-07-29,2026-07-29,0,5,0,0,0,0,,0.0
adobesign@adobesign.com,adobesign,email,2026-07-24,2026-07-24,0,5,0,0,0,0,,0.0
andrea.slamka@soligent.net,andrea.slamka,email,2026-08-06,2026-08-06,0,5,0,0,0,0,,0.0
cameron.elam@greentechrenewables.com,cameron.elam,email,2025-12-12,2025-12-12,0,5,0,0,0,0,,0.0
orders@solux.energy,orders,email,2026-08-06,2026-08-06,0,5,0,0,0,0,,0.0
rivenops@noreply.github.com,riven-ops,email,2026-08-09,2026-08-09,0,5,0,0,0,0,,0.0
noreply@bounce.17track.net,no-reply,email,2026-08-07,2026-08-07,0,5,0,0,0,0,,0.0
rivengateway@noreply.github.com,riven-gateway,email,2026-08-09,2026-08-09,0,5,0,0,0,0,,0.0
hello@em.savings.com,hello,email,2026-08-09,2026-08-09,0,5,0,0,0,0,,0.0
claudia.ford@fundwealthsadvisorys.shop,claudia.ford,email,2026-08-09,2026-08-09,0,5,0,0,0,0,,0.0
rachel.martin@stewardacquisitioninvestor.com,rachel.martin,email,2026-08-09,2026-08-09,0,5,0,0,0,0,,0.0
destiny.johnson@stewardinvestorcollective.com,destiny.johnson,email,2026-08-08,2026-08-08,0,5,0,0,0,0,,0.0
melissa.bockmegawattgroup.com@shared1.ccsend.com,melissa.bock-megawattgroup.com,email,2025-11-22,2025-11-22,0,5,0,0,0,0,,0.0
hazel.miller@valueloads.com,hazel.miller,email,2025-12-02,2025-12-02,0,5,0,0,0,0,,0.0
info@ecodirect.com,info,email,2025-11-25,2025-11-25,0,5,0,0,0,0,,0.0
harryebolton@gmail.com,harryebolton,email,2026-08-08,2026-08-08,0,4,0,0,0,0,,0.0
invoiceeast@usa.krannichsolar.com,invoice-east,email,2026-08-03,2026-08-03,0,4,0,0,0,0,,0.0
revenue.communications@tn.gov,revenue.communications,email,2026-06-23,2026-06-23,0,4,0,0,0,0,,0.0
ebay@ebay.com,ebay,email,2026-08-02,2026-08-02,0,4,0,0,0,0,,0.0
enzo@qmgllc.com,enzo,email,2026-08-05,2026-08-05,0,4,0,0,0,0,,0.0
updates@hello.kiavi.com,updates,email,2026-07-24,2026-07-24,0,4,0,0,0,0,,0.0
joseph@vanguardequitiesllc.com,joseph,email,2026-07-27,2026-07-27,0,4,0,0,0,0,,0.0
qasim@sunhub.com,qasim,email,2026-08-06,2026-08-06,0,4,0,0,0,0,,0.0
messagesbf1dywesfmdqx@squaremktg.com,messages+bf1dywesfmdqx,email,2026-08-09,2026-08-09,0,4,0,0,0,0,,0.0
hbomax@mail.hbomax.com,hbomax,email,2026-08-09,2026-08-09,0,4,0,0,0,0,,0.0
felix.porter@gpmg.uk,felix.porter,email,2026-08-09,2026-08-09,0,4,0,0,0,0,,0.0
officedepot@em.officedepot.com,officedepot,email,2026-08-09,2026-08-09,0,4,0,0,0,0,,0.0
info@creditsuite.com,info,email,2026-08-09,2026-08-09,0,4,0,0,0,0,,0.0
nar@mail.nar.realtor,nar,email,2026-08-09,2026-08-09,0,4,0,0,0,0,,0.0
noreply@notificationmycreditguide.americanexpress.com,noreply,email,2026-08-09,2026-08-09,0,4,0,0,0,0,,0.0
commentsdzocpak9l3dpcvl8ane4yz@email.figma.com,comments-dzocpak9l3dpcvl8ane4yz,email,2026-08-09,2026-08-09,0,4,0,0,0,0,,0.0
kevingbellenoble.com@shared1.ccsend.com,keving-bellenoble.com,email,2026-08-09,2026-08-09,0,4,0,0,0,0,,0.0
emails@resimplifiassociate.com,emails,email,2026-08-09,2026-08-09,0,4,0,0,0,0,,0.0
donotreply@e4cf3f3f67b94812b55a766f6fa4738e.us1.azurecomm.net,donotreply,email,2026-08-09,2026-08-09,0,4,0,0,0,0,,0.0
beth@fryrealtycollective.com,beth,email,2026-08-06,2026-08-06,0,4,0,0,0,0,,0.0
northerntool@b.email.northerntool.com,northerntool,email,2026-08-09,2026-08-09,0,4,0,0,0,0,,0.0
support@snitcher.com,support,email,2026-08-03,2026-08-03,0,4,0,0,0,0,,0.0
leon@snitcher.com,leon,email,2026-07-27,2026-07-27,0,4,0,0,0,0,,0.0
jerre@snitcher.com,jerre,email,2026-07-27,2026-07-27,0,4,0,0,0,0,,0.0
e2etest1786281323162@rivencommercetest.com,e2etest1786281323162,email,2026-08-09,2026-08-09,0,4,0,0,0,0,,0.0
nichenexusglobal@qq.com,nichenexusglobal,email,2029-09-12,2029-09-12,0,4,0,0,0,0,,0.0
sanjayp@btbventure.co.in,sanjayp,email,2026-08-09,2026-08-09,0,4,0,0,0,0,,0.0
info@spectrumbusiness.spectrum.com,info,email,2026-08-07,2026-08-07,0,4,0,0,0,0,,0.0
rachel.tucker@holdinglongviewequity.com,rachel.tucker,email,2026-08-09,2026-08-09,0,4,0,0,0,0,,0.0
logan.bennett@gaotekmail.gaogroupofcompanies.com,logan.bennett,email,2026-08-09,2026-08-09,0,4,0,0,0,0,,0.0
kbell@gogreenmansolar.com,kbell,email,2026-08-06,2026-08-06,0,4,0,0,0,0,,0.0
store54908322029@g.shopifyemail.com,store+54908322029,email,2025-11-24,2025-11-24,0,4,0,0,0,0,,0.0
sales4@starworldtech.com,sales4,email,2025-12-08,2025-12-08,0,4,0,0,0,0,,0.0
appraisals@solarauction.com,appraisals,email,2025-12-04,2025-12-04,0,4,0,0,0,0,,0.0
platform@leadmagic.io,platform,email,2025-11-28,2025-11-28,0,4,0,0,0,0,,0.0
kylecavil@lgcypower.com,kylecavil,email,2026-08-08,2026-08-08,0,3,0,0,0,0,,0.0
demo@example.com,demo,email,2026-08-06,2026-08-06,0,3,0,0,0,0,,0.0
dor.statementsnoreply@state.sd.us,dor.statements-noreply,email,2026-08-05,2026-08-05,0,3,0,0,0,0,,0.0
noreply@team.nav.com,no-reply,email,2026-07-24,2026-07-24,0,3,0,0,0,0,,0.0
email@e.quill.com,email,email,2026-06-23,2026-06-23,0,3,0,0,0,0,,0.0
noreply@cdtfa.ca.gov,noreply,email,2026-07-01,2026-07-01,0,3,0,0,0,0,,0.0
support@team.nav.com,support,email,2026-06-26,2026-06-26,0,3,0,0,0,0,,0.0
kai@hello.kiavi.com,kai,email,2026-07-30,2026-07-30,0,3,0,0,0,0,,0.0
abrooks@grow.nationalbusinesscapital.com,abrooks,email,2026-07-28,2026-07-28,0,3,0,0,0,0,,0.0
fred@fireflies.ai,fred,email,2026-07-24,2026-07-24,0,3,0,0,0,0,,0.0
noreply@clear.co,noreply,email,2026-07-28,2026-07-28,0,3,0,0,0,0,,0.0
apply@options.vipcapitalfunding.com,apply,email,2026-07-27,2026-07-27,0,3,0,0,0,0,,0.0
order@renvu.com,order,email,2025-12-28,2025-12-28,0,3,0,0,0,0,,0.0
electronicbankingservices@syb.com,electronicbankingservices,email,2026-08-07,2026-08-07,0,3,0,0,0,0,,0.0
terrence.reed@cspowertech.com,terrence.reed,email,2026-08-06,2026-08-06,0,3,0,0,0,0,,0.0
odejesus@bordersandborders.com,odejesus,email,2026-08-06,2026-08-06,0,3,0,0,0,0,,0.0
ericmandyg@gmail.com,ericmandyg,email,2026-08-06,2026-08-06,0,3,0,0,0,0,,0.0
mandygage@hotmail.com,mandygage,email,2026-08-06,2026-08-06,0,3,0,0,0,0,,0.0
noreplyecns@usps.com,noreply-ecns,email,2026-08-07,2026-08-07,0,3,0,0,0,0,,0.0
customerservice@e.progressive.com,customerservice,email,2026-08-07,2026-08-07,0,3,0,0,0,0,,0.0
sachinpilot743@expocreations.online,sachinpilot743,email,2026-08-07,2026-08-07,0,3,0,0,0,0,,0.0
info@snitcher.com,info,email,2026-07-28,2026-07-28,0,3,0,0,0,0,,0.0
dean@snitcher.com,dean,email,2026-07-31,2026-07-31,0,3,0,0,0,0,,0.0
noreply@signup.aws,no-reply,email,2026-08-04,2026-08-04,0,3,0,0,0,0,,0.0
welcome@openrouter.ai,welcome,email,2026-07-25,2026-07-25,0,3,0,0,0,0,,0.0
notifications@openrouter.ai,notifications,email,2026-07-25,2026-07-25,0,3,0,0,0,0,,0.0
noreplycloudaccounts@nvidia.com,noreply-cloud-accounts,email,2026-07-25,2026-07-25,0,3,0,0,0,0,,0.0
account@nvidia.com,account,email,2026-07-25,2026-07-25,0,3,0,0,0,0,,0.0
email@news.temuemail.com,email,email,2026-08-09,2026-08-09,0,3,0,0,0,0,,0.0
prod@solenra88.com,prod,email,2026-08-09,2026-08-09,0,3,0,0,0,0,,0.0
em@em1.cloudflare.com,em,email,2026-08-09,2026-08-09,0,3,0,0,0,0,,0.0
rachel.smith@generationalheritageacquisition.com,rachel.smith,email,2026-08-09,2026-08-09,0,3,0,0,0,0,,0.0
talentbase.ai@gmail.com,talentbase.ai,email,2026-08-09,2026-08-09,0,3,0,0,0,0,,0.0
muneebxaiengineer@gmail.com,muneebxaiengineer,email,2026-08-09,2026-08-09,0,3,0,0,0,0,,0.0
hajra.khan@instechsol.com,hajra.khan,email,2026-08-09,2026-08-09,0,3,0,0,0,0,,0.0
haris.zia@convo.com,haris.zia,email,2026-08-09,2026-08-09,0,3,0,0,0,0,,0.0
danish.ali@convo.com,danish.ali,email,2026-08-09,2026-08-09,0,3,0,0,0,0,,0.0
ameera.saleh@arpatech.com,ameera.saleh,email,2026-08-09,2026-08-09,0,3,0,0,0,0,,0.0
amena.afzal@volgapartners.com,amena.afzal,email,2026-08-09,2026-08-09,0,3,0,0,0,0,,0.0
jobs@teleportmanpower.com,jobs,email,2026-08-09,2026-08-09,0,3,0,0,0,0,,0.0
contact@likva9.tech,contact,email,2026-08-09,2026-08-09,0,3,0,0,0,0,,0.0
hr@ossoai.com,hr,email,2026-08-09,2026-08-09,0,3,0,0,0,0,,0.0
careers@softyno.com,careers,email,2026-08-09,2026-08-09,0,3,0,0,0,0,,0.0
freelanceworking728@gmail.com,freelanceworking728,email,2026-08-09,2026-08-09,0,3,0,0,0,0,,0.0
farid022@icloud.com,farid022,email,2026-08-09,2026-08-09,0,3,0,0,0,0,,0.0
tom@message.clearer.io,tom,email,2026-03-13,2026-03-13,0,3,0,0,0,0,,0.0
jqueener@guidedpathsolar.com,jqueener,email,2025-11-25,2025-11-25,0,3,0,0,0,0,,0.0
solar116@bluesunpv.com,solar116,email,2025-12-17,2025-12-17,0,3,0,0,0,0,,0.0
mimam@discoverenergysys.com,mimam,email,2025-12-09,2025-12-09,0,3,0,0,0,0,,0.0
michael.smoot@grayducksolar.com,michael.smoot,email,2026-08-08,2026-08-08,0,2,0,0,0,2,,0.0
mark@247osc.com,mark,email,2026-08-08,2026-08-08,0,2,0,0,0,0,,0.0
sblack@coolearthsolar.com,sblack,email,2026-08-08,2026-08-08,0,2,0,0,0,0,,0.0
rmcwilliams@coolearthsolar.com,rmcwilliams,email,2026-08-08,2026-08-08,0,2,0,0,0,1,,0.0
accounting@coolearthsolar.com,accounting,email,2026-08-08,2026-08-08,0,2,0,0,0,0,,0.0
support@sc.mail.deepseek.com,support,email,2026-08-06,2026-08-06,0,2,0,0,0,0,,0.0
gustonoreply@gusto.com,gustonoreply,email,2026-07-28,2026-07-28,0,2,0,0,0,0,,0.0
kyfac.subscriptions.kentucky.gov@public.govdelivery.com,kyfac.subscriptions.kentucky.gov,email,2026-07-21,2026-07-21,0,2,0,0,0,0,,0.0
noreply@metrorevenue.org,noreply,email,2026-07-01,2026-07-01,0,2,0,0,0,0,,0.0
author@noreply.github.com,author,email,2026-08-02,2026-08-02,0,2,0,0,0,0,,0.0
noreplynews@news.cdtfa.ca.gov,noreplynews,email,2026-07-28,2026-07-28,0,2,0,0,0,0,,0.0
kydepartmentofrevenue@subscriptions.kentucky.gov,kydepartmentofrevenue,email,2026-06-30,2026-06-30,0,2,0,0,0,0,,0.0
noreply.doris@ky.gov,noreply.doris,email,2026-07-08,2026-07-08,0,2,0,0,0,0,,0.0
compliance.tax@maine.gov,compliance.tax,email,2026-06-25,2026-06-25,0,2,0,0,0,0,,0.0
hello@team.nav.com,hello,email,2026-06-20,2026-06-20,0,2,0,0,0,0,,0.0
chetan@ascgroup.in,chetan,email,2026-08-03,2026-08-03,0,2,0,0,0,0,,0.0
nishi@ascgroup.in,nishi,email,2026-08-03,2026-08-03,0,2,0,0,0,0,,0.0
jfields@bordersandborders.com,jfields,email,2026-08-05,2026-08-05,0,2,0,0,0,0,,0.0
closings@qmgllc.com,closings,email,2026-08-05,2026-08-05,0,2,0,0,0,0,,0.0
dholcomb@nationalfunding.com,dholcomb,email,2026-07-28,2026-07-28,0,2,0,0,0,0,,0.0
lonestarjakecoleman@gmail.com,lonestarjakecoleman,email,2026-07-31,2026-07-31,0,2,0,0,0,0,,0.0
noreply@comms.brex.com,noreply,email,2026-07-29,2026-07-29,0,2,0,0,0,0,,0.0
jdrosario@kapitus.com,jdrosario,email,2026-07-24,2026-07-24,0,2,0,0,0,0,,0.0
support@renvu.zendesk.com,support,email,2026-08-07,2026-08-07,0,2,0,0,0,0,,0.0
rhiannon@solarelectric.com,rhiannon,email,2026-08-06,2026-08-06,0,2,0,0,0,0,,0.0
knelson@solarflexion.com,knelson,email,2026-08-06,2026-08-06,0,2,0,0,0,0,,0.0
mssecuritynoreply@microsoft.com,mssecurity-noreply,email,2026-08-08,2026-08-08,0,2,0,0,0,0,,0.0
businessprofilenoreply@google.com,businessprofile-noreply,email,2026-08-08,2026-08-08,0,2,0,0,0,0,,0.0
italydreamlife@mail.beehiiv.com,italydreamlife,email,2026-08-08,2026-08-08,0,2,0,0,0,0,,0.0
jobri@odoo.com,jobri,email,2026-08-07,2026-08-07,0,2,0,0,0,0,,0.0
sarah@huntdmapex.info,sarah,email,2026-08-06,2026-08-06,0,2,0,0,0,0,,0.0
justinh@uplyftcapital.com,justinh,email,2026-08-06,2026-08-06,0,2,0,0,0,0,,0.0
ryan.andrew@valuationsourcehub.com,ryan.andrew,email,2026-08-06,2026-08-06,0,2,0,0,0,0,,0.0
clarissa.stone@capadviserfundadv.biz,clarissa.stone,email,2026-08-06,2026-08-06,0,2,0,0,0,0,,0.0
tabitha.whitmore@portfoliooperationsbridges.shop,tabitha.whitmore,email,2026-08-06,2026-08-06,0,2,0,0,0,0,,0.0
info@purepower.com,info,email,2026-08-06,2026-08-06,0,2,0,0,0,0,,0.0
sales@amerbusforms.com,sales,email,2026-08-06,2026-08-06,0,2,0,0,0,0,,0.0
elaina.briggs@thewealthsolutionssources.help,elaina.briggs,email,2026-08-06,2026-08-06,0,2,0,0,0,0,,0.0
noreply@outlook.mail.microsoft,no-reply,email,2026-08-08,2026-08-08,0,2,0,0,0,0,,0.0
adam@marketing.rb2b.com,adam,email,2026-08-08,2026-08-08,0,2,0,0,0,0,,0.0
callmelww4295qj@members.ebay.com,callme_lww4295qj,email,2026-08-07,2026-08-07,0,2,0,0,0,0,,0.0
noreply@amazonmusic.com,no-reply,email,2026-08-08,2026-08-08,0,2,0,0,0,0,,0.0
return@amazon.com,return,email,2026-08-08,2026-08-08,0,2,0,0,0,0,,0.0
email@ronmarai.com,email,email,2026-08-07,2026-08-07,0,2,0,0,0,0,,0.0
mail@timefreedomai.org,mail,email,2026-08-07,2026-08-07,0,2,0,0,0,0,,0.0
sweta.code@hotmail.com,sweta.code,email,2026-08-07,2026-08-07,0,2,0,0,0,0,,0.0
noreply@nvidia.com,noreply,email,2026-07-25,2026-07-25,0,2,0,0,0,0,,0.0
news@nvidia.com,news,email,2026-07-28,2026-07-28,0,2,0,0,0,0,,0.0
stan@saashub.com,stan,email,2026-07-29,2026-07-29,0,2,0,0,0,0,,0.0
hello@mail.perplexity.ai,hello,email,2026-08-03,2026-08-03,0,2,0,0,0,0,,0.0
maccount@microsoft.com,maccount,email,2026-07-28,2026-07-28,0,2,0,0,0,0,,0.0
noreply@paperform.co,no-reply,email,2026-07-26,2026-07-26,0,2,0,0,0,0,,0.0
microsoft365@information.microsoft.com,microsoft365,email,2026-07-30,2026-07-30,0,2,0,0,0,0,,0.0
office365@notifications.microsoft.com,office365,email,2026-07-24,2026-07-24,0,2,0,0,0,0,,0.0
azurenoreply@microsoft.com,azure-noreply,email,2026-07-24,2026-07-24,0,2,0,0,0,0,,0.0
microsoft365@notifications.microsoft.com,microsoft365,email,2026-04-07,2026-04-07,0,2,0,0,0,0,,0.0
sales@signaturesolar.com,sales,email,2026-08-07,2026-08-07,0,2,0,0,0,0,,0.0
support@efxalgo.com,support,email,2026-08-07,2026-08-07,0,2,0,0,0,0,,0.0
email@properfectai.org,email,email,2026-08-07,2026-08-07,0,2,0,0,0,0,,0.0
email@durangoaienterprise.com,email,email,2026-08-07,2026-08-07,0,2,0,0,0,0,,0.0
noreply@sharepointonline.com,no-reply,email,2026-08-07,2026-08-07,0,2,0,0,0,0,,0.0
ambimoorthy@inboundgrowth.online,ambimoorthy,email,2026-08-07,2026-08-07,0,2,0,0,0,0,,0.0
clifhance232@gmail.com,clifhance232,email,2026-08-07,2026-08-07,0,2,0,0,0,0,,0.0
noreply@email.openai.com,noreply,email,2026-08-06,2026-08-06,0,2,0,0,0,0,,0.0
theojameson4@gmail.com,theojameson4,email,2026-08-06,2026-08-06,0,2,0,0,0,0,,0.0
jrrbd6203@gmail.com,jrrbd6203,email,2026-08-06,2026-08-06,0,2,0,0,0,0,,0.0
guy.lichtenstern@solaredge.com,guy.lichtenstern,email,2025-12-01,2025-12-01,0,2,0,0,0,0,,0.0
nick.a@solaredge.com,nick.a,email,2025-12-01,2025-12-01,0,2,0,0,0,0,,0.0
marketing@solarelectric.com,marketing,email,2025-12-18,2025-12-18,0,2,0,0,0,0,,0.0
info@globalsolar.store,info,email,2025-12-18,2025-12-18,0,2,0,0,0,0,,0.0
auctions@solarauction.com,auctions,email,2025-12-19,2025-12-19,0,2,0,0,0,0,,0.0
sales@alchemysolardistribution.com,sales,email,2025-12-16,2025-12-16,0,2,0,0,0,0,,0.0
jeff.zissulis@endurenergy.com,jeff.zissulis,email,2025-12-16,2025-12-16,0,2,0,0,0,0,,0.0
connect@portlandioelectric.supply,connect,email,2025-12-16,2025-12-16,0,2,0,0,0,0,,0.0
info@marketing.signaturesolar.com,info,email,2025-12-11,2025-12-11,0,2,0,0,0,0,,0.0
huayang.wang@talesun.com,huayang.wang,email,2025-12-15,2025-12-15,0,2,0,0,0,0,,0.0
shuangyan.xu@talesun.com,shuangyan.xu,email,2025-12-15,2025-12-15,0,2,0,0,0,0,,0.0
nuk72@nuukopower.com,nuk72,email,2025-12-04,2025-12-04,0,2,0,0,0,0,,0.0
email@email.getthefuturist.com,email,email,2026-08-07,2026-08-07,0,2,0,0,0,0,,0.0
grainger@e.grainger.com,grainger,email,2026-08-05,2026-08-05,0,2,0,0,0,0,,0.0
workspace@google.com,workspace,email,2026-08-04,2026-08-04,0,1,0,0,0,0,,0.0
myaccount@spectrumemails.com,myaccount,email,2026-08-04,2026-08-04,0,1,0,0,0,0,,0.0
xtitanengineer@gmail.com,xtitanengineer,email,2026-08-04,2026-08-04,0,1,0,0,0,1,,0.0
noreply@scaleway.net,no-reply,email,2026-08-04,2026-08-04,0,1,0,0,0,0,,0.0
notifications@uinsure.co.uk,notifications,email,2026-08-03,2026-08-03,0,1,0,0,0,0,,0.0
jamie.bolduc@maine.gov,jamie.bolduc,email,2026-08-03,2026-08-03,0,1,0,0,0,0,,0.0
no.reply.alerts@chase.com,no.reply.alerts,email,2026-08-02,2026-08-02,0,1,0,0,0,0,,0.0
noreplygoogleplaydeveloper@google.com,no-reply-googleplay-developer,email,2026-08-01,2026-08-01,0,1,0,0,0,0,,0.0
support@authorize.net,support,email,2026-08-01,2026-08-01,0,1,0,0,0,0,,0.0
spectrum@exchange.spectrum.com,spectrum,email,2026-07-31,2026-07-31,0,1,0,0,0,0,,0.0
frank.baratta@triforceenergy.com,frank.baratta,email,2026-07-31,2026-07-31,0,1,0,0,0,3,,0.0
mtcnoreply@dor.state.ma.us,mtcnoreply,email,2026-07-16,2026-07-16,0,1,0,0,0,0,,0.0
info@chikarabeikoku.co.jp,info,email,2026-07-14,2026-07-14,0,1,0,0,0,0,,0.0
sosfilings@ky.gov,sosfilings,email,2026-07-13,2026-07-13,0,1,0,0,0,0,,0.0
communications@marylandtaxes.gov,communications,email,2026-07-06,2026-07-06,0,1,0,0,0,0,,0.0
noreplynotifications@notifications.cdtfa.ca.gov,noreplynotifications,email,2026-06-26,2026-06-26,0,1,0,0,0,0,,0.0
gianna@virginiafile.com,gianna,email,2026-06-25,2026-06-25,0,1,0,0,0,0,,0.0
updates@kiavi.com,updates,email,2026-08-06,2026-08-06,0,1,0,0,0,0,,0.0
info@grow.nationalbusinesscapital.com,info,email,2026-08-04,2026-08-04,0,1,0,0,0,0,,0.0
rohit@krprassociates.com,rohit,email,2026-08-04,2026-08-04,0,1,0,0,0,0,,0.0
sarah@sbgfunding.com,sarah,email,2026-08-03,2026-08-03,0,1,0,0,0,0,,0.0
sales.madhavsolarcleaning@gmail.com,sales.madhavsolarcleaning,email,2026-08-01,2026-08-01,0,1,0,0,0,0,,0.0
danielle@vanguardequitiesllc.com,danielle,email,2026-07-30,2026-07-30,0,1,0,0,0,0,,0.0
jgold@grow.nationalbusinesscapital.com,jgold,email,2026-07-30,2026-07-30,0,1,0,0,0,0,,0.0
notifications@valuelinkams.com,notifications,email,2026-07-29,2026-07-29,0,1,0,0,0,0,,0.0
noreplymortgagetech@ice.com,noreply-mortgagetech,email,2026-07-29,2026-07-29,0,1,0,0,0,0,,0.0
alex.cassilly@pessupply1096224079ba.intercommail.com,alex.cassilly,email,2026-07-27,2026-07-27,0,1,0,0,0,0,,0.0
lindsay@sbgfunding.com,lindsay,email,2026-07-27,2026-07-27,0,1,0,0,0,0,,0.0
hello@mail.wispr.ai,hello,email,2026-07-26,2026-07-26,0,1,0,0,0,0,,0.0
billpay@paymentus.com,billpay,email,2026-07-26,2026-07-26,0,1,0,0,0,0,,0.0
team@intercom.io,team,email,2026-08-08,2026-08-08,0,1,0,0,0,0,,0.0
newdeals@articles.capitalinfusion.com,newdeals,email,2026-08-08,2026-08-08,0,1,0,0,0,0,,0.0
info@theceshop.com,info,email,2026-08-08,2026-08-08,0,1,0,0,0,0,,0.0
info@premierbb.com,info,email,2026-08-08,2026-08-08,0,1,0,0,0,0,,0.0
prod@opalith77.com,prod,email,2026-08-07,2026-08-07,0,1,0,0,0,0,,0.0
noreply@stripe.com,no-reply,email,2026-08-07,2026-08-07,0,1,0,0,0,0,,0.0
alvaro.casanova@helloyalc.com,alvaro.casanova,email,2026-08-07,2026-08-07,0,1,0,0,0,0,,0.0
donotreply@golfpassmembership.com,do-not-reply,email,2026-08-07,2026-08-07,0,1,0,0,0,0,,0.0
bryan.spencer3738@gmail.com,bryan.spencer3738,email,2026-08-07,2026-08-07,0,1,0,0,0,0,,0.0
alcottjack6@gmail.com,alcottjack6,email,2026-08-07,2026-08-07,0,1,0,0,0,0,,0.0
luciadean@atalntllc.buzz,luciadean,email,2026-08-07,2026-08-07,0,1,0,0,0,0,,0.0
jordan.alexander@lessonslearned.help,jordan.alexander,email,2026-08-07,2026-08-07,0,1,0,0,0,0,,0.0
americanairlines@info.ms.aa.com,americanairlines,email,2026-08-07,2026-08-07,0,1,0,0,0,0,,0.0
noah@mycrewlabs.co,noah,email,2026-08-07,2026-08-07,0,1,0,0,0,0,,0.0
russell@runviably.com,russell,email,2026-08-07,2026-08-07,0,1,0,0,0,0,,0.0
hazel.kent@techdotsolution.site,hazel.kent,email,2026-08-07,2026-08-07,0,1,0,0,0,0,,0.0
j.mason@vaultnowlevel.co,j.mason,email,2026-08-07,2026-08-07,0,1,0,0,0,0,,0.0
madison.nelson@runmobile.help,madison.nelson,email,2026-08-07,2026-08-07,0,1,0,0,0,0,,0.0
hunyitnesl@gmail.com,hunyitnesl,email,2026-08-07,2026-08-07,0,1,0,0,0,0,,0.0
ro.ellison@opendealvault.help,ro.ellison,email,2026-08-07,2026-08-07,0,1,0,0,0,0,,0.0
noreply@e.allegiant.com,no-reply,email,2026-08-07,2026-08-07,0,1,0,0,0,0,,0.0
newdeals@sbaprogram.capitalinfusion.com,newdeals,email,2026-08-07,2026-08-07,0,1,0,0,0,0,,0.0
team@send.intercom.com,team,email,2026-08-07,2026-08-07,0,1,0,0,0,0,,0.0
jamesadgenticapp.com@shared1.ccsend.com,james-adgenticapp.com,email,2026-08-07,2026-08-07,0,1,0,0,0,0,,0.0
alex@pesdistribution.com,alex,email,2026-08-07,2026-08-07,0,1,0,0,0,0,,0.0
comms@m.more.tennischannel.com,comms,email,2026-08-07,2026-08-07,0,1,0,0,0,0,,0.0
avis@e.avis.com,avis,email,2026-08-06,2026-08-06,0,1,0,0,0,0,,0.0
webinar@learn.heygen.com,webinar,email,2026-08-06,2026-08-06,0,1,0,0,0,0,,0.0
noreplyaccounts@google.com,noreply-accounts,email,2026-08-06,2026-08-06,0,1,0,0,0,0,,0.0
donotreply@replus.com,donotreply,email,2026-08-06,2026-08-06,0,1,0,0,0,0,,0.0
thahn3@yahoo.com,thahn3,email,2026-08-06,2026-08-06,0,1,0,0,0,0,,0.0
dianecork@beleonwestsummit.co,dianecork,email,2026-08-06,2026-08-06,0,1,0,0,0,0,,0.0
patrickvidalyticsai.com@shared1.ccsend.com,patrick-vidalyticsai.com,email,2026-08-06,2026-08-06,0,1,0,0,0,0,,0.0
aryaan2176@gmail.com,aryaan2176,email,2026-08-06,2026-08-06,0,1,0,0,0,0,,0.0
ln.louisville2@eml.livenation.com,ln.louisville2,email,2026-08-06,2026-08-06,0,1,0,0,0,0,,0.0
vanessa.howell.ai@commercialcleaningflow.com,vanessa.howell.ai,email,2026-08-06,2026-08-06,0,1,0,0,0,0,,0.0
markwesley945@gmail.com,markwesley945,email,2026-08-06,2026-08-06,0,1,0,0,0,0,,0.0
julie@tivly.com,julie,email,2026-08-06,2026-08-06,0,1,0,0,0,0,,0.0
ben.dickens@jinkosolar.com,ben.dickens,email,2026-08-06,2026-08-06,0,1,0,0,0,0,,0.0
britten@samedaybusinessfunding.com,britten,email,2026-08-06,2026-08-06,0,1,0,0,0,0,,0.0
googleplaynoreply@google.com,googleplay-noreply,email,2026-08-06,2026-08-06,0,1,0,0,0,0,,0.0
emilistanczak@suncrestsolstice.co,emilistanczak,email,2026-08-06,2026-08-06,0,1,0,0,0,0,,0.0
doriskozey@ytbdirect.info,doriskozey,email,2026-08-06,2026-08-06,0,1,0,0,0,0,,0.0
hi@thewealthstackweekly.com,hi,email,2026-08-06,2026-08-06,0,1,0,0,0,0,,0.0
fortiz@goglt.com,fortiz,email,2026-08-06,2026-08-06,0,1,0,0,0,0,,0.0
doreen@injet.com,doreen,email,2026-08-06,2026-08-06,0,1,0,0,0,0,,0.0
terrasmartmarketing@terrasmart.com,terrasmartmarketing,email,2026-08-06,2026-08-06,0,1,0,0,0,0,,0.0
norma.musgrove@assetallocationworks.de,norma.musgrove,email,2026-08-06,2026-08-06,0,1,0,0,0,0,,0.0
ethanfeldman@novapublic.com,ethanfeldman,email,2026-08-06,2026-08-06,0,1,0,0,0,0,,0.0
googledevnoreply@google.com,googledev-noreply,email,2026-08-06,2026-08-06,0,1,0,0,0,0,,0.0
9101232918.z1fq19@bk6c19.com,9101232918.z1fq19,email,2026-08-06,2026-08-06,0,1,0,0,0,0,,0.0
info@musedesignawards.org,info,email,2026-08-06,2026-08-06,0,1,0,0,0,0,,0.0
danny@gzprecision.com,danny,email,2026-08-06,2026-08-06,0,1,0,0,0,0,,0.0
mileageplusprogram@enews.united.com,mileageplus_program,email,2026-08-06,2026-08-06,0,1,0,0,0,0,,0.0
mail@stylefocuses.com,mail,email,2026-08-06,2026-08-06,0,1,0,0,0,0,,0.0
publicinfo@louisvillewater.com,publicinfo,email,2026-08-05,2026-08-05,0,1,0,0,0,0,,0.0
robertmu5226uhfc@members.ebay.com,robert_mu5226uhfc,email,2026-08-08,2026-08-08,0,1,0,0,0,0,,0.0
newsletters@em.walmart.com,newsletters,email,2026-08-08,2026-08-08,0,1,0,0,0,0,,0.0
mohaasfssy4347ljtg@members.ebay.co.uk,mohaas_fssy4347ljtg,email,2026-08-08,2026-08-08,0,1,0,0,0,0,,0.0
grric4gsn2827njo@members.ebay.com,grric4_gsn2827njo,email,2026-08-07,2026-08-07,0,1,0,0,0,0,,0.0
hello@keychain.com,hello,email,2026-08-07,2026-08-07,0,1,0,0,0,0,,0.0
robert.benedict@unicornsd.ccsend.com,robert.benedict,email,2026-08-07,2026-08-07,0,1,0,0,0,0,,0.0
info@ionsolar.com,info,email,2026-08-07,2026-08-07,0,1,0,0,0,0,,0.0
prod@solenix99.com,prod,email,2026-08-08,2026-08-08,0,1,0,0,0,0,,0.0
paymentsupdate@amazon.com,payments-update,email,2026-08-08,2026-08-08,0,1,0,0,0,0,,0.0
news@member.hagerty.com,news,email,2026-08-08,2026-08-08,0,1,0,0,0,0,,0.0
marketingteam@aurorasolar.com,marketing-team,email,2026-08-07,2026-08-07,0,1,0,0,0,0,,0.0
docusign@mail.docusign.com,docusign,email,2026-08-07,2026-08-07,0,1,0,0,0,0,,0.0
m.israel@equitybeaconco.com,m.israel,email,2026-08-07,2026-08-07,0,1,0,0,0,0,,0.0
taimur.anjum@hisalesforgehq.com,taimur.anjum,email,2026-08-06,2026-08-06,0,1,0,0,0,0,,0.0
nvinnovationlab@nvidia.com,nv-innovation-lab,email,2026-08-08,2026-08-08,0,1,0,0,0,0,,0.0
dgxcinnovationlab@nvidia.com,dgxc-innovation-lab,email,2026-08-08,2026-08-08,0,1,0,0,0,0,,0.0
workspacenoreply@google.com,workspace-noreply,email,2026-08-07,2026-08-07,0,1,0,0,0,0,,0.0
notifications@e.link.com,notifications,email,2026-08-07,2026-08-07,0,1,0,0,0,0,,0.0
noreplyautomations@airtableemail.com,noreply+automations,email,2026-08-04,2026-08-04,0,1,0,0,0,0,,0.0
noreply@dtdg.co,no-reply,email,2026-07-29,2026-07-29,0,1,0,0,0,0,,0.0
noreply@globalratings.com,noreply,email,2026-07-27,2026-07-27,0,1,0,0,0,0,,0.0
noreply@openrouter.ai,noreply,email,2026-07-25,2026-07-25,0,1,0,0,0,0,,0.0
receipts@openrouter.ai,receipts,email,2026-07-25,2026-07-25,0,1,0,0,0,0,,0.0
deepseek@al.mail.deepseek.com,deepseek,email,2026-07-25,2026-07-25,0,1,0,0,0,0,,0.0
noreplytraining@nvidia.com,noreply-training,email,2026-07-25,2026-07-25,0,1,0,0,0,0,,0.0
testuserexplore@example.com,testuser_explore,email,2026-08-03,2026-08-03,0,1,0,0,0,0,,0.0
riven.computer.test@protonmail.com,riven.computer.test,email,2026-08-01,2026-08-01,0,1,0,0,0,0,,0.0
portlandiaelectricsupplyrivenflip1781450802@gmail.com,portlandiaelectricsupply+rivenflip1781450802,email,2026-06-14,2026-06-14,0,1,0,0,0,0,,0.0
smartdocs@documents.pipedrive.com,smartdocs,email,2026-08-07,2026-08-07,0,1,0,0,0,0,,0.0
updatesnoreply@linkedin.com,updates-noreply,email,2026-08-07,2026-08-07,0,1,0,0,0,0,,0.0
kyle@resolveify.com,kyle,email,2026-08-09,2026-08-09,0,1,0,0,0,0,,0.0
noreply@campaign.eventbrite.com,noreply,email,2026-08-08,2026-08-08,0,1,0,0,0,0,,0.0
claire.lyons@marketanalysisdata.com,claire.lyons,email,2026-08-08,2026-08-08,0,1,0,0,0,0,,0.0
ian.s@trythescantorgroup.com,ian.s,email,2026-08-07,2026-08-07,0,1,0,0,0,0,,0.0
chris@elevateplatform.info,chris,email,2026-08-07,2026-08-07,0,1,0,0,0,0,,0.0
mark@boostbatonbizdesk.co,mark,email,2026-08-07,2026-08-07,0,1,0,0,0,0,,0.0
integration@wwex.com,integration,email,2026-08-07,2026-08-07,0,1,0,0,0,0,,0.0
martha.lopez@globaltranz.com,martha.lopez,email,2026-08-07,2026-08-07,0,1,0,0,0,0,,0.0
bryan.jasinski@globaltranz.com,bryan.jasinski,email,2026-08-07,2026-08-07,0,1,0,0,0,0,,0.0
tyrie.pergola@wwex.com,tyrie.pergola,email,2026-08-07,2026-08-07,0,1,0,0,0,0,,0.0
emacayo@paylessfunding.net,emacayo,email,2026-08-07,2026-08-07,0,1,0,0,0,0,,0.0
tim@pinnacleadscenter.info,tim,email,2026-08-07,2026-08-07,0,1,0,0,0,0,,0.0
sales@gsdrenewables.com,sales,email,2026-08-07,2026-08-07,0,1,0,0,0,0,,0.0
davidmeltzer@mail.beehiiv.com,david-meltzer,email,2026-08-07,2026-08-07,0,1,0,0,0,0,,0.0
jordan@wranglerdigitaldatapro.info,jordan,email,2026-08-07,2026-08-07,0,1,0,0,0,0,,0.0
hamia@17track.com,hamia,email,2026-08-08,2026-08-08,0,1,0,0,0,0,,0.0
cshohel34@gmail.com,cshohel34,email,2026-08-04,2026-08-04,0,1,0,0,0,0,,0.0
saleskatiedoodlematchboxcardco@brand.faire.com,sales+katiedoodlematchboxcardco,email,2026-07-21,2026-07-21,0,1,0,0,0,0,,0.0
saleskatiedoodle@brand.faire.com,sales+katiedoodle,email,2026-07-19,2026-07-19,0,1,0,0,0,0,,0.0
email@message.boostcommerce.net,email,email,2026-04-30,2026-04-30,0,1,0,0,0,0,,0.0
info@sunhub.com,info,email,2025-12-29,2025-12-29,0,1,0,0,0,0,,0.0
honeywellnews@honeywell.com,honeywell_news,email,2025-12-29,2025-12-29,0,1,0,0,0,0,,0.0
wesam@philadelphiasolar.com,wesam,email,2025-12-23,2025-12-23,0,1,0,0,0,0,,0.0
inventory@solarauction.com,inventory,email,2025-12-16,2025-12-16,0,1,0,0,0,0,,0.0
noreplygbsc515cnhxpxbsjxxcvw@mail.anthropic.com,no-reply-gbsc515cnhxpxbsjx_xcvw,email,2025-12-13,2025-12-13,0,1,0,0,0,0,,0.0
noreplynk66dau29ldewmfmgiocq@mail.anthropic.com,no-reply-_nk66dau29ldewmfmgiocq,email,2025-12-13,2025-12-13,0,1,0,0,0,0,,0.0
nazmarketing@solarelectric.com,nazmarketing,email,2025-12-11,2025-12-11,0,1,0,0,0,0,,0.0
customerservice@signaturesolar.com,customerservice,email,2025-12-11,2025-12-11,0,1,0,0,0,0,,0.0
noreply@chatlyai.app,no-reply,email,2025-12-11,2025-12-11,0,1,0,0,0,0,,0.0
marketing@discoverenergysys.com,marketing,email,2025-12-03,2025-12-03,0,1,0,0,0,0,,0.0
sales33@gautamsolar.us,sales33,email,2025-11-29,2025-11-29,0,1,0,0,0,0,,0.0
noreplyrim1jwneinjcjr0hx8m3ma@mail.anthropic.com,no-reply-rim1jwneinjcjr0hx8m3ma,email,2025-11-28,2025-11-28,0,1,0,0,0,0,,0.0
marketing@opsun.com,marketing,email,2025-11-27,2025-11-27,0,1,0,0,0,0,,0.0
noreply@signaturesolar.com,no-reply,email,2025-11-26,2025-11-26,0,1,0,0,0,0,,0.0
kcontine@alchemysolardistribution.com,kcontine,email,2025-11-24,2025-11-24,0,1,0,0,0,0,,0.0
noreply@yelp.com,no-reply,email,2026-08-08,2026-08-08,0,1,0,0,0,0,,0.0
kegan.s.english@atlanticcoastae.info,kegan.s.english,email,2026-08-08,2026-08-08,0,1,0,0,0,0,,0.0
isabella@giftex.co,isabella,email,2026-08-08,2026-08-08,0,1,0,0,0,0,,0.0
growth@klaviyo.com,growth,email,2026-08-08,2026-08-08,0,1,0,0,0,0,,0.0
dynamichub507@gmail.com,dynamichub507,email,2026-08-08,2026-08-08,0,1,0,0,0,0,,0.0
samdigitalhud75@gmail.com,samdigitalhud75,email,2026-08-08,2026-08-08,0,1,0,0,0,0,,0.0
maya.gardner@weeklytorahportiononline.com,maya.gardner,email,2026-08-07,2026-08-07,0,1,0,0,0,0,,0.0
getgreenleads@mail.beehiiv.com,get-green-leads,email,2026-08-07,2026-08-07,0,1,0,0,0,0,,0.0
t.rowe@parryclearing.info,t.rowe,email,2026-08-07,2026-08-07,0,1,0,0,0,0,,0.0
noreply@email.claude.com,no-reply,email,2026-08-07,2026-08-07,0,1,0,0,0,0,,0.0
marketing@renonusa.com,marketing,email,2026-08-07,2026-08-07,0,1,0,0,0,0,,0.0
roseruby4631@gmail.com,roseruby4631,email,2026-08-07,2026-08-07,0,1,0,0,0,0,,0.0
sarenaeanes@caloracadence.co,sarenaeanes,email,2026-08-07,2026-08-07,0,1,0,0,0,0,,0.0
sales@machinestation.us,sales,email,2026-08-07,2026-08-07,0,1,0,0,0,0,,0.0
jemmaallisen@paperclearnow.info,jemmaallisen,email,2026-08-07,2026-08-07,0,1,0,0,0,0,,0.0
summerbritt@tracenowsphere.info,summerbritt,email,2026-08-07,2026-08-07,0,1,0,0,0,0,,0.0
info@pressranger.com,info,email,2026-08-07,2026-08-07,0,1,0,0,0,0,,0.0
seandwebber@realrepfx.com,seandwebber,email,2026-08-07,2026-08-07,0,1,0,0,0,0,,0.0
dylan@happidigitalcollective.info,dylan,email,2026-08-07,2026-08-07,0,1,0,0,0,0,,0.0
brauch@ascendgrowthpr.co,brauch,email,2026-08-09,2026-08-09,0,1,0,0,0,0,,0.0
anaig.slo@em.mail.claimmoney.com,anaig.slo,email,2026-08-09,2026-08-09,0,1,0,0,0,0,,0.0
collinss@cloudfundingnetwork.co,collins-s,email,2026-08-09,2026-08-09,0,1,0,0,0,0,,0.0
calebwhite@leveragehqus.co,calebwhite,email,2026-08-09,2026-08-09,0,1,0,0,0,0,,0.0
chloe@buildmofincapital.info,chloe,email,2026-08-09,2026-08-09,0,1,0,0,0,0,,0.0
candace.cox@strategicpatientequity.com,candace.cox,email,2026-08-09,2026-08-09,0,1,0,0,0,0,,0.0
albert.delaney@hendersonfundingconsulting.com,albert.delaney,email,2026-08-09,2026-08-09,0,1,0,0,0,0,,0.0
brendon.ellsworth@valtriona.com,brendon.ellsworth,email,2026-08-09,2026-08-09,0,1,0,0,0,0,,0.0
barbara.nash@floatprogo.info,barbara.nash,email,2026-08-09,2026-08-09,0,1,0,0,0,0,,0.0
ariele.m@nowaligndirect.info,ariele.m,email,2026-08-09,2026-08-09,0,1,0,0,0,0,,0.0
a.root@leadadaptnow.info,a.root,email,2026-08-09,2026-08-09,0,1,0,0,0,0,,0.0
alma.m@classbonuslayer.info,alma.m,email,2026-08-09,2026-08-09,0,1,0,0,0,0,,0.0
adamaris.hubbard@esbranding.com,adamaris.hubbard,email,2026-08-09,2026-08-09,0,1,0,0,0,0,,0.0
a.poole@fortleebrokerage.info,a.poole,email,2026-08-09,2026-08-09,0,1,0,0,0,0,,0.0
andreaconrad@clearechoshift.info,andreaconrad,email,2026-08-09,2026-08-09,0,1,0,0,0,0,,0.0
amelia.tran@generationallongtermwealth.com,amelia.tran,email,2026-08-09,2026-08-09,0,1,0,0,0,0,,0.0
amelia.payne@longtermprivateasset.com,amelia.payne,email,2026-08-09,2026-08-09,0,1,0,0,0,0,,0.0
angela.robinson@dgpadvisorycapitalteam.co,angela.robinson,email,2026-08-09,2026-08-09,0,1,0,0,0,0,,0.0
alice.franklin@stewardpatientholdings.com,alice.franklin,email,2026-08-09,2026-08-09,0,1,0,0,0,0,,0.0
alexa.hughes@sovereigncapitalacquisition.com,alexa.hughes,email,2026-08-09,2026-08-09,0,1,0,0,0,0,,0.0
anna.rivera@investmentprivateasset.com,anna.rivera,email,2026-08-09,2026-08-09,0,1,0,0,0,0,,0.0
amy.harris@consortia.help,amy.harris,email,2026-08-09,2026-08-09,0,1,0,0,0,0,,0.0
adamt@shieldwealthequity.com,adamt,email,2026-08-09,2026-08-09,0,1,0,0,0,0,,0.0
aleksandar@tugitarkai.com,aleksandar,email,2026-08-08,2026-08-08,0,1,0,0,0,0,,0.0
aditya.reinhardt@recombing.com,aditya.reinhardt,email,2026-08-08,2026-08-08,0,1,0,0,0,0,,0.0
carrie.degroot@solutionreachmd.com,carrie.degroot,email,2026-08-08,2026-08-08,0,1,0,0,0,0,,0.0
beth.h@gilroypartners.info,beth.h,email,2026-08-08,2026-08-08,0,1,0,0,0,0,,0.0
carolyn.richardson@businesssize.help,carolyn.richardson,email,2026-08-08,2026-08-08,0,1,0,0,0,0,,0.0
ashleyd@tryaurelia.info,ashleyd,email,2026-08-08,2026-08-08,0,1,0,0,0,0,,0.0
calvert20@neumannassociatesnews.org,calvert20,email,2026-08-08,2026-08-08,0,1,0,0,0,0,,0.0
averydudley@lewisholdings.info,averydudley,email,2026-08-08,2026-08-08,0,1,0,0,0,0,,0.0
a.fogoros@helloscienceinteractive.com,a.fogoros,email,2026-08-08,2026-08-08,0,1,0,0,0,0,,0.0
aliya.spangler@tourismalaysia.com,aliya.spangler,email,2026-08-08,2026-08-08,0,1,0,0,0,0,,0.0
alexia.quinne@portfoliogohq.info,alexia.quinne,email,2026-08-08,2026-08-08,0,1,0,0,0,0,,0.0
ahmedraza@cueebuild.com,ahmedraza,email,2026-08-08,2026-08-08,0,1,0,0,0,0,,0.0
a.gray@crafthqelevate.co,a.gray,email,2026-08-08,2026-08-08,0,1,0,0,0,0,,0.0
adelineconnors@aspectshiftnow.info,adelineconnors,email,2026-08-08,2026-08-08,0,1,0,0,0,0,,0.0
angela.jensen@holdingheritagepartners.com,angela.jensen,email,2026-08-08,2026-08-08,0,1,0,0,0,0,,0.0
amanda.miller@tryloanncheck.help,amanda.miller,email,2026-08-08,2026-08-08,0,1,0,0,0,0,,0.0
analisesteelle@thetryequity.info,analisesteelle,email,2026-08-08,2026-08-08,0,1,0,0,0,0,,0.0
amber.mccollum@nowclearaspect.info,amber.mccollum,email,2026-08-08,2026-08-08,0,1,0,0,0,0,,0.0
alvt@antennasanywaves.com,alvt,email,2026-08-08,2026-08-08,0,1,0,0,0,0,,0.0
a.huber@hqtheliquidity.info,a.huber,email,2026-08-08,2026-08-08,0,1,0,0,0,0,,0.0
admin@cloudshinepro.com,admin,email,2026-08-08,2026-08-08,0,1,0,0,0,0,,0.0
ahmed@synquerythinkers.com,ahmed,email,2026-08-08,2026-08-08,0,1,0,0,0,0,,0.0
noreply@adobe.com,noreply,email,2026-08-07,2026-08-07,0,1,0,0,0,0,,0.0
creditalerts@nav.com,creditalerts,email,2026-08-07,2026-08-07,0,1,0,0,0,0,,0.0
callie18@neumannassociatesnews.org,callie18,email,2026-08-07,2026-08-07,0,1,0,0,0,0,,0.0
angelafergusen@noteshqtry.info,angelafergusen,email,2026-08-07,2026-08-07,0,1,0,0,0,0,,0.0
ashleya@liveiconicpartners.info,ashleya,email,2026-08-07,2026-08-07,0,1,0,0,0,0,,0.0
b.ponce@tryhqliquidity.co,b.ponce,email,2026-08-07,2026-08-07,0,1,0,0,0,0,,0.0
bobby.m@wilcoxregistry.info,bobby.m,email,2026-08-07,2026-08-07,0,1,0,0,0,0,,0.0
c.vaughn@whitakerheritage.info,c.vaughn,email,2026-08-07,2026-08-07,0,1,0,0,0,0,,0.0
aatkinson@boosticonicpartners.info,aatkinson,email,2026-08-07,2026-08-07,0,1,0,0,0,0,,0.0
anthony.jaiyeola@risecapbrokers.com,anthony.jaiyeola,email,2026-08-07,2026-08-07,0,1,0,0,0,0,,0.0
b.richmonde@labsecuredyou.info,b.richmonde,email,2026-08-07,2026-08-07,0,1,0,0,0,0,,0.0
arya.hagen@flowclearvault.info,arya.hagen,email,2026-08-07,2026-08-07,0,1,0,0,0,0,,0.0
c.scheit@meetkbrecruiting.com,c.scheit,email,2026-08-07,2026-08-07,0,1,0,0,0,0,,0.0
b.james@thrivedigitalworks.com,b.james,email,2026-08-07,2026-08-07,0,1,0,0,0,0,,0.0
ava@veltapartnerships.org,ava,email,2026-08-07,2026-08-07,0,1,0,0,0,0,,0.0
blue.timothy@netrelayhub.com,blue.timothy,email,2026-08-07,2026-08-07,0,1,0,0,0,0,,0.0
amberjackson@mortonindenture.info,amberjackson,email,2026-08-07,2026-08-07,0,1,0,0,0,0,,0.0
aracelidickney@levellinknow.info,aracelidickney,email,2026-08-07,2026-08-07,0,1,0,0,0,0,,0.0
alexisbooth@clearechotrack.info,alexisbooth,email,2026-08-07,2026-08-07,0,1,0,0,0,0,,0.0
anatian4@pwbusinesscap.com,anatian4,email,2026-08-07,2026-08-07,0,1,0,0,0,0,,0.0
a.clements@chartrehabshare.co,a.clements,email,2026-08-07,2026-08-07,0,1,0,0,0,0,,0.0
annabelle.quinnse@classvaluewatch.info,annabelle.quinnse,email,2026-08-07,2026-08-07,0,1,0,0,0,0,,0.0
amora.peryse@withpartnerus.info,amora.peryse,email,2026-08-07,2026-08-07,0,1,0,0,0,0,,0.0
anna@sablebuyers.info,anna,email,2026-08-07,2026-08-07,0,1,0,0,0,0,,0.0
bfontana@buildlidotrust.info,bfontana,email,2026-08-07,2026-08-07,0,1,0,0,0,0,,0.0
alexanderp@habprotect.com,alexanderp,email,2026-08-07,2026-08-07,0,1,0,0,0,0,,0.0
adamgoldstein.m@getsciraise.com,adamgoldstein.m,email,2026-08-07,2026-08-07,0,1,0,0,0,0,,0.0
brian.m@joinwebagencye25.com,brian.m,email,2026-08-07,2026-08-07,0,1,0,0,0,0,,0.0
beth.gardner@privategenerationalgroup.com,beth.gardner,email,2026-08-07,2026-08-07,0,1,0,0,0,0,,0.0
info@jjgold.com,info,email,2026-08-06,2026-08-06,0,1,0,0,0,0,,0.0
brian.williams@gomediamaxgrowth.info,brian.williams,email,2026-08-06,2026-08-06,0,1,0,0,0,0,,0.0
ashley@reachiconicbiz.info,ashley,email,2026-08-06,2026-08-06,0,1,0,0,0,0,,0.0
angelamann@chartphasemedic.co,angelamann,email,2026-08-06,2026-08-06,0,1,0,0,0,0,,0.0
bm@knownchicagoconcoursgroup.help,bm,email,2026-08-06,2026-08-06,0,1,0,0,0,0,,0.0
atkinson@findiconicbiz.info,atkinson,email,2026-08-06,2026-08-06,0,1,0,0,0,0,,0.0
h.schwartze@yougorollup.info,h.schwartze,email,2026-08-06,2026-08-06,0,1,0,0,0,0,,0.0
b.royse@cleancoverwatch.info,b.royse,email,2026-08-06,2026-08-06,0,1,0,0,0,0,,0.0
alessia.martinelli@lokalewirkung.com,alessia.martinelli,email,2026-08-06,2026-08-06,0,1,0,0,0,0,,0.0
hclark@cognaeducationstack.info,hclark,email,2026-08-06,2026-08-06,0,1,0,0,0,0,,0.0
a.curte@usaadvanceclear.info,a.curte,email,2026-08-06,2026-08-06,0,1,0,0,0,0,,0.0
aarna@explore.theegressif.com,aarna,email,2026-08-06,2026-08-06,0,1,0,0,0,0,,0.0
a.marsh@themenuready.com,a.marsh,email,2026-08-06,2026-08-06,0,1,0,0,0,0,,0.0
amelia.powers@greatoutdoorguides.com,amelia.powers,email,2026-08-06,2026-08-06,0,1,0,0,0,0,,0.0
hannaterelle@labnowholdings.info,hannaterelle,email,2026-08-06,2026-08-06,0,1,0,0,0,0,,0.0
alondra.g@nowgridbuild.info,alondra.g,email,2026-08-06,2026-08-06,0,1,0,0,0,0,,0.0
hannah.turner@aggieathleticnetwork.com,hannah.turner,email,2026-08-06,2026-08-06,0,1,0,0,0,0,,0.0
albertcaldwell@prousleverage.co,albertcaldwell,email,2026-08-06,2026-08-06,0,1,0,0,0,0,,0.0
a.jacobsene@enterprisegothe.info,a.jacobsene,email,2026-08-06,2026-08-06,0,1,0,0,0,0,,0.0
haimerej.sw@em.tec80.com,haimerej.sw,email,2026-08-06,2026-08-06,0,1,0,0,0,0,,0.0
a.bentone@clearyounote.info,a.bentone,email,2026-08-06,2026-08-06,0,1,0,0,0,0,,0.0
allison.morris@kindsloans.help,allison.morris,email,2026-08-06,2026-08-06,0,1,0,0,0,0,,0.0
alyssa.henderson@contactmortgagefund.help,alyssa.henderson,email,2026-08-06,2026-08-06,0,1,0,0,0,0,,0.0
ainhoa@newxcutehkps.com,ainhoa,email,2026-08-06,2026-08-06,0,1,0,0,0,0,,0.0
granthamc@northlendinggrowthline.com,granthamc,email,2026-08-06,2026-08-06,0,1,0,0,0,0,,0.0
a.walker@icubeonlinehq.one,a.walker,email,2026-08-06,2026-08-06,0,1,0,0,0,0,,0.0
adriana.gomez@longviewevergreeninvestor.com,adriana.gomez,email,2026-08-06,2026-08-06,0,1,0,0,0,0,,0.0
noreply@dor.ms.gov,noreply,email,2026-08-05,2026-08-05,0,1,0,0,0,0,,0.0
message@adobe.com,message,email,2026-08-05,2026-08-05,0,1,0,0,0,0,,0.0
jeremy.garcia@datadoghq.com,jeremy.garcia,email,2026-08-05,2026-08-05,0,1,0,0,0,0,,0.0
adriana.gloverse@partnertrythe.info,adriana.gloverse,email,2026-08-05,2026-08-05,0,1,0,0,0,0,,0.0
ana@meetdcatalogteam.com,ana,email,2026-08-05,2026-08-05,0,1,0,0,0,0,,0.0
anyasteelse@partnertrynow.info,anyasteelse,email,2026-08-05,2026-08-05,0,1,0,0,0,0,,0.0
annereecese@nowthepartner.info,annereecese,email,2026-08-05,2026-08-05,0,1,0,0,0,0,,0.0
ashleyatkinson@myiconicventures.info,ashleyatkinson,email,2026-08-05,2026-08-05,0,1,0,0,0,0,,0.0
b.copeland@ludwigfiduciary.info,b.copeland,email,2026-08-05,2026-08-05,0,1,0,0,0,0,,0.0
andy@oceanslaunch.co,andy,email,2026-08-05,2026-08-05,0,1,0,0,0,0,,0.0
avery.crawford@equitysovereignsteward.com,avery.crawford,email,2026-08-05,2026-08-05,0,1,0,0,0,0,,0.0
ali@trygtmnorthstar.com,ali,email,2026-08-05,2026-08-05,0,1,0,0,0,0,,0.0
a.durham@termgolab.co,a.durham,email,2026-08-05,2026-08-05,0,1,0,0,0,0,,0.0
amanda.h@stacknovanow.info,amanda.h,email,2026-08-05,2026-08-05,0,1,0,0,0,0,,0.0
anthonywilliams@philihero.info,anthonywilliams,email,2026-08-05,2026-08-05,0,1,0,0,0,0,,0.0
angela.stewart@acquisitiondirectinvestment.com,angela.stewart,email,2026-08-05,2026-08-05,0,1,0,0,0,0,,0.0
alicia.lawrence@ushergroup.info,alicia.lawrence,email,2026-08-05,2026-08-05,0,1,0,0,0,0,,0.0
aliza.l@cleartracestep.info,aliza.l,email,2026-08-05,2026-08-05,0,1,0,0,0,0,,0.0
althea@skipdialring.co,althea,email,2026-08-05,2026-08-05,0,1,0,0,0,0,,0.0
a.vyatkina@sodsthub.com,a.vyatkina,email,2026-08-05,2026-08-05,0,1,0,0,0,0,,0.0
amani.gunter@echosettlenow.info,amani.gunter,email,2026-08-05,2026-08-05,0,1,0,0,0,0,,0.0
previewuserlt1fbeyf@intercom.io,previewuserlt1fbeyf@intercom.io,intercom,2026-08-28,2026-08-28,0,0,1,0,0,0,,0.0
adalexmartinez@gmail.com,adalexmartinez@gmail.com,intercom,2026-08-13,2026-08-13,0,0,1,0,0,0,,0.0
newt@solarassist.net,newt@solarassist.net,intercom,2026-08-10,2026-08-10,0,0,1,0,0,0,,0.0
best5girls@live.com,best5girls@live.com,intercom,2026-08-11,2026-08-11,0,0,1,0,0,0,,0.0
christophermaresh@protonmail.com,christophermaresh@protonmail.com,intercom,2026-08-06,2026-08-06,0,0,1,0,0,0,,0.0
brian@tahoesolar.net,brian@tahoesolar.net,intercom,2026-08-10,2026-08-10,0,0,1,0,0,0,,0.0
phone@projectmap.com,phone@projectmap.com,intercom,2026-07-25,2026-07-25,0,0,1,0,0,0,,0.0
whatsapp@projectmap.com,whatsapp@projectmap.com,intercom,2026-07-25,2026-07-25,0,0,1,0,0,0,,0.0
email@projectmap.com,email@projectmap.com,intercom,2026-07-25,2026-07-25,0,0,1,0,0,0,,0.0
messenger@projectmap.com,messenger@projectmap.com,intercom,2026-07-25,2026-07-25,0,0,1,0,0,0,,0.0
